Ekipman_ID,cbs_id
2039985.0,2039985.0
2039987.0,2039987.0
2052079.0,2052079.0
2054572.0,2054572.0
2056799.0,2056799.0
2081977.0,2081977.0
2082156.0,2082156.0
2085636.0,2085636.0
2088400.0,2088400.0
2088527.0,2088527.0
2089877.0,2089877.0
2090083.0,2090083.0
2092227.0,2092227.0
2092230.0,2092230.0
2094285.0,2094285.0
2094324.0,2094324.0
2095468.0,2095468.0
2103703.0,2103703.0
2105507.0,2105507.0
2105616.0,2105616.0
2108222.0,2108222.0
2109008.0,2109008.0
2109547.0,2109547.0
2110060.0,2110060.0
2111256.0,2111256.0
2111690.0,2111690.0
2111692.0,2111692.0
2111719.0,2111719.0
2125166.0,2125166.0
2126220.0,2126220.0
2126225.0,2126225.0
2126868.0,2126868.0
2331108.0,2331108.0
2351922.0,2351922.0
2351977.0,2351977.0
2351997.0,2351997.0
2352312.0,2352312.0
2352487.0,2352487.0
2352798.0,2352798.0
2353104.0,2353104.0
2353600.0,2353600.0
2353967.0,2353967.0
2354009.0,2354009.0
2354363.0,2354363.0
2355743.0,2355743.0
2359791.0,2359791.0
2365078.0,2365078.0
2367546.0,2367546.0
2368333.0,2368333.0
2372339.0,2372339.0
3222991.0,3222991.0
11884414.0,11884414.0
42036009.0,42036009.0
42594839.0,42594839.0
42596441.0,42596441.0
42600721.0,42600721.0
42605740.0,42605740.0
42611876.0,42611876.0
42611980.0,42611980.0
42616238.0,42616238.0
42616308.0,42616308.0
42620891.0,42620891.0
42621074.0,42621074.0
42621420.0,42621420.0
42628271.0,42628271.0
42628937.0,42628937.0
42632271.0,42632271.0
42632735.0,42632735.0
42632848.0,42632848.0
42632947.0,42632947.0
42633126.0,42633126.0
42642390.0,42642390.0
42642888.0,42642888.0
42645579.0,42645579.0
42648263.0,42648263.0
42648935.0,42648935.0
42655523.0,42655523.0
42655927.0,42655927.0
42660148.0,42660148.0
42660233.0,42660233.0
42669434.0,42669434.0
42669994.0,42669994.0
42679333.0,42679333.0
42684363.0,42684363.0
42691399.0,42691399.0
42698391.0,42698391.0
42713253.0,42713253.0
42714735.0,42714735.0
42725297.0,42725297.0
42725332.0,42725332.0
42731474.0,42731474.0
42734447.0,42734447.0
42734995.0,42734995.0
42736064.0,42736064.0
42742203.0,42742203.0
42742298.0,42742298.0
42742646.0,42742646.0
42749217.0,42749217.0
42749218.0,42749218.0
42757054.0,42757054.0
42763512.0,42763512.0
42763841.0,42763841.0
42763900.0,42763900.0
42763912.0,42763912.0
42764348.0,42764348.0
42764452.0,42764452.0
42769911.0,42769911.0
42770039.0,42770039.0
42770053.0,42770053.0
42770279.0,42770279.0
42774542.0,42774542.0
44531139.0,44531139.0
44538204.0,44538204.0
44688293.0,44688293.0
44925374.0,44925374.0
44932125.0,44932125.0
44944925.0,44944925.0
44952143.0,44952143.0
44960963.0,44960963.0
44984818.0,44984818.0
44986099.0,44986099.0
44998516.0,44998516.0
44998964.0,44998964.0
45016358.0,45016358.0
45016397.0,45016397.0
45085557.0,45085557.0
45110363.0,45110363.0
45110411.0,45110411.0
48482924.0,48482924.0
48482952.0,48482952.0
48928862.0,48928862.0
48929099.0,48929099.0
48929105.0,48929105.0
48929110.0,48929110.0
49187533.0,49187533.0
49218590.0,49218590.0
49221999.0,49221999.0
49247656.0,49247656.0
49250854.0,49250854.0
49253382.0,49253382.0
49255355.0,49255355.0
49259758.0,49259758.0
49260154.0,49260154.0
49260173.0,49260173.0
49263439.0,49263439.0
49308749.0,49308749.0
49315364.0,49315364.0
49315744.0,49315744.0
49316021.0,49316021.0
49316253.0,49316253.0
49329504.0,49329504.0
49329695.0,49329695.0
49329949.0,49329949.0
49341020.0,49341020.0
49355021.0,49355021.0
49364426.0,49364426.0
49364959.0,49364959.0
49373372.0,49373372.0
49380829.0,49380829.0
49380974.0,49380974.0
49381259.0,49381259.0
49381514.0,49381514.0
49381655.0,49381655.0
49381827.0,49381827.0
49413409.0,49413409.0
49413669.0,49413669.0
49414251.0,49414251.0
49414309.0,49414309.0
49415404.0,49415404.0
49415584.0,49415584.0
49416341.0,49416341.0
49416374.0,49416374.0
49416530.0,49416530.0
49463515.0,49463515.0
50088637.0,50088637.0
50165559.0,50165559.0
50193680.0,50193680.0
50241139.0,50241139.0
53026459.0,53026459.0
53132784.0,53132784.0
53132785.0,53132785.0
53132884.0,53132884.0
53132885.0,53132885.0
53132890.0,53132890.0
53132964.0,53132964.0
53132965.0,53132965.0
53132967.0,53132967.0
53133054.0,53133054.0
53134690.0,53134690.0
53134692.0,53134692.0
53134697.0,53134697.0
53134698.0,53134698.0
53134699.0,53134699.0
53134700.0,53134700.0
53134853.0,53134853.0
53134855.0,53134855.0
53134856.0,53134856.0
53134870.0,53134870.0
53134885.0,53134885.0
53134898.0,53134898.0
53134939.0,53134939.0
53134966.0,53134966.0
53134967.0,53134967.0
53134968.0,53134968.0
53134975.0,53134975.0
53134976.0,53134976.0
53134977.0,53134977.0
53134978.0,53134978.0
53134979.0,53134979.0
53134981.0,53134981.0
53134988.0,53134988.0
53135020.0,53135020.0
53135021.0,53135021.0
53135023.0,53135023.0
53135024.0,53135024.0
53135025.0,53135025.0
53135027.0,53135027.0
53135037.0,53135037.0
53135038.0,53135038.0
53135039.0,53135039.0
53135041.0,53135041.0
53135042.0,53135042.0
53135045.0,53135045.0
53135046.0,53135046.0
53135047.0,53135047.0
53135048.0,53135048.0
53135051.0,53135051.0
53135059.0,53135059.0
53135062.0,53135062.0
53135064.0,53135064.0
53135065.0,53135065.0
53135069.0,53135069.0
53135072.0,53135072.0
53135077.0,53135077.0
53135078.0,53135078.0
53135079.0,53135079.0
53135083.0,53135083.0
53135099.0,53135099.0
53135101.0,53135101.0
53135103.0,53135103.0
53135109.0,53135109.0
53135113.0,53135113.0
53135117.0,53135117.0
53135119.0,53135119.0
53135120.0,53135120.0
53135121.0,53135121.0
53135124.0,53135124.0
53135125.0,53135125.0
53135129.0,53135129.0
53135134.0,53135134.0
53135356.0,53135356.0
53135357.0,53135357.0
53135410.0,53135410.0
53135412.0,53135412.0
53135427.0,53135427.0
53135428.0,53135428.0
53135429.0,53135429.0
53135468.0,53135468.0
53135470.0,53135470.0
53135471.0,53135471.0
53135485.0,53135485.0
53135486.0,53135486.0
53135488.0,53135488.0
53135511.0,53135511.0
53135513.0,53135513.0
53135520.0,53135520.0
53135521.0,53135521.0
53135525.0,53135525.0
53135528.0,53135528.0
53135529.0,53135529.0
53135534.0,53135534.0
53135537.0,53135537.0
53135538.0,53135538.0
53135540.0,53135540.0
53135542.0,53135542.0
53135561.0,53135561.0
53135562.0,53135562.0
53135563.0,53135563.0
53135568.0,53135568.0
53135569.0,53135569.0
53135570.0,53135570.0
53135572.0,53135572.0
53135575.0,53135575.0
53135581.0,53135581.0
53135583.0,53135583.0
53135589.0,53135589.0
53135590.0,53135590.0
53135591.0,53135591.0
53135601.0,53135601.0
53135602.0,53135602.0
53135605.0,53135605.0
53135608.0,53135608.0
53135613.0,53135613.0
53135614.0,53135614.0
53135615.0,53135615.0
53135616.0,53135616.0
53135621.0,53135621.0
53135622.0,53135622.0
53135624.0,53135624.0
53135634.0,53135634.0
53135637.0,53135637.0
53135638.0,53135638.0
53135643.0,53135643.0
53135645.0,53135645.0
53135646.0,53135646.0
53135650.0,53135650.0
53135651.0,53135651.0
53135653.0,53135653.0
53135656.0,53135656.0
53135657.0,53135657.0
53135658.0,53135658.0
53135660.0,53135660.0
53135662.0,53135662.0
53135663.0,53135663.0
53135664.0,53135664.0
53135671.0,53135671.0
53135676.0,53135676.0
53135678.0,53135678.0
53135679.0,53135679.0
53135685.0,53135685.0
53135686.0,53135686.0
53135691.0,53135691.0
53135694.0,53135694.0
53135695.0,53135695.0
53135696.0,53135696.0
53135697.0,53135697.0
53135699.0,53135699.0
53135707.0,53135707.0
53135709.0,53135709.0
53135710.0,53135710.0
53135711.0,53135711.0
53135713.0,53135713.0
53135717.0,53135717.0
53135718.0,53135718.0
53135719.0,53135719.0
53135721.0,53135721.0
53135725.0,53135725.0
53135726.0,53135726.0
53135729.0,53135729.0
53135730.0,53135730.0
53135731.0,53135731.0
53135733.0,53135733.0
53135734.0,53135734.0
53135746.0,53135746.0
53135749.0,53135749.0
53135799.0,53135799.0
53135803.0,53135803.0
53135804.0,53135804.0
53135805.0,53135805.0
53135807.0,53135807.0
53135895.0,53135895.0
53135910.0,53135910.0
53135964.0,53135964.0
53135970.0,53135970.0
53136008.0,53136008.0
53136011.0,53136011.0
53136012.0,53136012.0
53136046.0,53136046.0
53136057.0,53136057.0
53136060.0,53136060.0
53136068.0,53136068.0
53136078.0,53136078.0
53136081.0,53136081.0
53136083.0,53136083.0
53136090.0,53136090.0
53136111.0,53136111.0
53136114.0,53136114.0
53136116.0,53136116.0
53136140.0,53136140.0
53136146.0,53136146.0
53136165.0,53136165.0
53136167.0,53136167.0
53136201.0,53136201.0
53136282.0,53136282.0
53136338.0,53136338.0
53136380.0,53136380.0
53136381.0,53136381.0
53136386.0,53136386.0
53136390.0,53136390.0
53136391.0,53136391.0
53136392.0,53136392.0
53136397.0,53136397.0
53136399.0,53136399.0
53136405.0,53136405.0
53136407.0,53136407.0
53136409.0,53136409.0
53136417.0,53136417.0
53136427.0,53136427.0
53136436.0,53136436.0
53136445.0,53136445.0
53136447.0,53136447.0
53136461.0,53136461.0
53136462.0,53136462.0
53136470.0,53136470.0
53136474.0,53136474.0
53136476.0,53136476.0
53136478.0,53136478.0
53136479.0,53136479.0
53136480.0,53136480.0
53136481.0,53136481.0
53136482.0,53136482.0
53136488.0,53136488.0
53136494.0,53136494.0
53136496.0,53136496.0
53136497.0,53136497.0
53136498.0,53136498.0
53136510.0,53136510.0
53136511.0,53136511.0
53136512.0,53136512.0
53136524.0,53136524.0
53136527.0,53136527.0
53136528.0,53136528.0
53136538.0,53136538.0
53136539.0,53136539.0
53136541.0,53136541.0
53136543.0,53136543.0
53136544.0,53136544.0
53136546.0,53136546.0
53136548.0,53136548.0
53136550.0,53136550.0
53136553.0,53136553.0
53136574.0,53136574.0
53136577.0,53136577.0
53136579.0,53136579.0
53136580.0,53136580.0
53136588.0,53136588.0
53136589.0,53136589.0
53136715.0,53136715.0
53137014.0,53137014.0
53137024.0,53137024.0
53137216.0,53137216.0
53137221.0,53137221.0
53138920.0,53138920.0
53138928.0,53138928.0
53138934.0,53138934.0
53138938.0,53138938.0
53138940.0,53138940.0
53138942.0,53138942.0
53138943.0,53138943.0
53138944.0,53138944.0
53138947.0,53138947.0
53138951.0,53138951.0
53138953.0,53138953.0
53138955.0,53138955.0
53138956.0,53138956.0
53138962.0,53138962.0
53138965.0,53138965.0
53138966.0,53138966.0
53138968.0,53138968.0
53138971.0,53138971.0
53138972.0,53138972.0
53138973.0,53138973.0
53138974.0,53138974.0
53139018.0,53139018.0
53139019.0,53139019.0
53139020.0,53139020.0
53139023.0,53139023.0
53139027.0,53139027.0
53139028.0,53139028.0
53139030.0,53139030.0
53139031.0,53139031.0
53139033.0,53139033.0
53139038.0,53139038.0
53139039.0,53139039.0
53139045.0,53139045.0
53139046.0,53139046.0
53139047.0,53139047.0
53139052.0,53139052.0
53139054.0,53139054.0
53139057.0,53139057.0
53139058.0,53139058.0
53139060.0,53139060.0
53139061.0,53139061.0
53139066.0,53139066.0
53139185.0,53139185.0
53139195.0,53139195.0
53139198.0,53139198.0
53139240.0,53139240.0
53139241.0,53139241.0
53139282.0,53139282.0
53139283.0,53139283.0
53139285.0,53139285.0
53139286.0,53139286.0
53139294.0,53139294.0
53139295.0,53139295.0
53139296.0,53139296.0
53139297.0,53139297.0
53139298.0,53139298.0
53139299.0,53139299.0
53139301.0,53139301.0
53139302.0,53139302.0
53139306.0,53139306.0
53139312.0,53139312.0
53139313.0,53139313.0
53139316.0,53139316.0
53139322.0,53139322.0
53139326.0,53139326.0
53139328.0,53139328.0
53139332.0,53139332.0
53139333.0,53139333.0
53139335.0,53139335.0
53139336.0,53139336.0
53139338.0,53139338.0
53139359.0,53139359.0
53139360.0,53139360.0
53139361.0,53139361.0
53139362.0,53139362.0
53139363.0,53139363.0
53139370.0,53139370.0
53139371.0,53139371.0
53139378.0,53139378.0
53139380.0,53139380.0
53139381.0,53139381.0
53139391.0,53139391.0
53139392.0,53139392.0
53139396.0,53139396.0
53139397.0,53139397.0
53139399.0,53139399.0
53139434.0,53139434.0
53139439.0,53139439.0
53139440.0,53139440.0
53139444.0,53139444.0
53139445.0,53139445.0
53139448.0,53139448.0
53139450.0,53139450.0
53139452.0,53139452.0
53139455.0,53139455.0
53139457.0,53139457.0
53139461.0,53139461.0
53139462.0,53139462.0
53139463.0,53139463.0
53139464.0,53139464.0
53139467.0,53139467.0
53139468.0,53139468.0
53139469.0,53139469.0
53139471.0,53139471.0
53139472.0,53139472.0
53139476.0,53139476.0
53139482.0,53139482.0
53139484.0,53139484.0
53139485.0,53139485.0
53139487.0,53139487.0
53139488.0,53139488.0
53139493.0,53139493.0
53139494.0,53139494.0
53139496.0,53139496.0
53139499.0,53139499.0
53139500.0,53139500.0
53139503.0,53139503.0
53139505.0,53139505.0
53139509.0,53139509.0
53139514.0,53139514.0
53139520.0,53139520.0
53139521.0,53139521.0
53139523.0,53139523.0
53139525.0,53139525.0
53139526.0,53139526.0
53139528.0,53139528.0
53139529.0,53139529.0
53139533.0,53139533.0
53139535.0,53139535.0
53139537.0,53139537.0
53139544.0,53139544.0
53139550.0,53139550.0
53139563.0,53139563.0
53139564.0,53139564.0
53139566.0,53139566.0
53139567.0,53139567.0
53139575.0,53139575.0
53139576.0,53139576.0
53139582.0,53139582.0
53139583.0,53139583.0
53139584.0,53139584.0
53139585.0,53139585.0
53139588.0,53139588.0
53139595.0,53139595.0
53139598.0,53139598.0
53139599.0,53139599.0
53139602.0,53139602.0
53139604.0,53139604.0
53139605.0,53139605.0
53139608.0,53139608.0
53139614.0,53139614.0
53139616.0,53139616.0
53139644.0,53139644.0
53139646.0,53139646.0
53139655.0,53139655.0
53139656.0,53139656.0
53139660.0,53139660.0
53139665.0,53139665.0
53139667.0,53139667.0
53139692.0,53139692.0
53139695.0,53139695.0
53139696.0,53139696.0
53139697.0,53139697.0
53139700.0,53139700.0
53139701.0,53139701.0
53139703.0,53139703.0
53139705.0,53139705.0
53139707.0,53139707.0
53139708.0,53139708.0
53139709.0,53139709.0
53139710.0,53139710.0
53139732.0,53139732.0
53139734.0,53139734.0
53139739.0,53139739.0
53139740.0,53139740.0
53139745.0,53139745.0
53139751.0,53139751.0
53139756.0,53139756.0
53139757.0,53139757.0
53139770.0,53139770.0
53139773.0,53139773.0
53139785.0,53139785.0
53139787.0,53139787.0
53139832.0,53139832.0
53139834.0,53139834.0
53139837.0,53139837.0
53139838.0,53139838.0
53139839.0,53139839.0
53139841.0,53139841.0
53139846.0,53139846.0
53139847.0,53139847.0
53139848.0,53139848.0
53139854.0,53139854.0
53139855.0,53139855.0
53139856.0,53139856.0
53139859.0,53139859.0
53139860.0,53139860.0
53139861.0,53139861.0
53139862.0,53139862.0
53139871.0,53139871.0
53139873.0,53139873.0
53139874.0,53139874.0
53139883.0,53139883.0
53139900.0,53139900.0
53139905.0,53139905.0
53139908.0,53139908.0
53139923.0,53139923.0
53139933.0,53139933.0
53139937.0,53139937.0
53139941.0,53139941.0
53139943.0,53139943.0
53139944.0,53139944.0
53139947.0,53139947.0
53139952.0,53139952.0
53139955.0,53139955.0
53139964.0,53139964.0
53139966.0,53139966.0
53139967.0,53139967.0
53139969.0,53139969.0
53139970.0,53139970.0
53139973.0,53139973.0
53139974.0,53139974.0
53139982.0,53139982.0
53139984.0,53139984.0
53139989.0,53139989.0
53139992.0,53139992.0
53139994.0,53139994.0
53140003.0,53140003.0
53140010.0,53140010.0
53140022.0,53140022.0
53140055.0,53140055.0
53140068.0,53140068.0
53140078.0,53140078.0
53140079.0,53140079.0
53140080.0,53140080.0
53140081.0,53140081.0
53140088.0,53140088.0
53140090.0,53140090.0
53140091.0,53140091.0
53140094.0,53140094.0
53140095.0,53140095.0
53140096.0,53140096.0
53140100.0,53140100.0
53140103.0,53140103.0
53140104.0,53140104.0
53140106.0,53140106.0
53140187.0,53140187.0
53140189.0,53140189.0
53140190.0,53140190.0
53140197.0,53140197.0
53140203.0,53140203.0
53140207.0,53140207.0
53140215.0,53140215.0
53140218.0,53140218.0
53140221.0,53140221.0
53140228.0,53140228.0
53140230.0,53140230.0
53140231.0,53140231.0
53140250.0,53140250.0
53140251.0,53140251.0
53140252.0,53140252.0
53140257.0,53140257.0
53140258.0,53140258.0
53140260.0,53140260.0
53140264.0,53140264.0
53140266.0,53140266.0
53140269.0,53140269.0
53140281.0,53140281.0
53140291.0,53140291.0
53140292.0,53140292.0
53140293.0,53140293.0
53140294.0,53140294.0
53140296.0,53140296.0
53140297.0,53140297.0
53140315.0,53140315.0
53140331.0,53140331.0
53140340.0,53140340.0
53140352.0,53140352.0
53140355.0,53140355.0
53140381.0,53140381.0
53140382.0,53140382.0
53140384.0,53140384.0
53140385.0,53140385.0
53140391.0,53140391.0
53140392.0,53140392.0
53140395.0,53140395.0
53140396.0,53140396.0
53140399.0,53140399.0
53140405.0,53140405.0
53140406.0,53140406.0
53140408.0,53140408.0
53140409.0,53140409.0
53140417.0,53140417.0
53140419.0,53140419.0
53140422.0,53140422.0
53140424.0,53140424.0
53140441.0,53140441.0
53140457.0,53140457.0
53140463.0,53140463.0
53140468.0,53140468.0
53140470.0,53140470.0
53140475.0,53140475.0
53140479.0,53140479.0
53140486.0,53140486.0
53140487.0,53140487.0
53140495.0,53140495.0
53140496.0,53140496.0
53140497.0,53140497.0
56352503.0,56352503.0
56352525.0,56352525.0
56354147.0,56354147.0
56354422.0,56354422.0
56354423.0,56354423.0
56354666.0,56354666.0
56354667.0,56354667.0
56355000.0,56355000.0
56355078.0,56355078.0
56355197.0,56355197.0
56355415.0,56355415.0
56355664.0,56355664.0
56355968.0,56355968.0
56356109.0,56356109.0
56356187.0,56356187.0
56357122.0,56357122.0
56357164.0,56357164.0
56357637.0,56357637.0
56357985.0,56357985.0
56359019.0,56359019.0
56361803.0,56361803.0
56361989.0,56361989.0
56362014.0,56362014.0
56362366.0,56362366.0
56363778.0,56363778.0
56364934.0,56364934.0
56366214.0,56366214.0
56367969.0,56367969.0
56368289.0,56368289.0
56368607.0,56368607.0
56368633.0,56368633.0
56368680.0,56368680.0
56368982.0,56368982.0
56368988.0,56368988.0
56369365.0,56369365.0
56369366.0,56369366.0
56369501.0,56369501.0
56369515.0,56369515.0
56369671.0,56369671.0
56369672.0,56369672.0
56369766.0,56369766.0
56369796.0,56369796.0
56370065.0,56370065.0
56371783.0,56371783.0
56371799.0,56371799.0
56372725.0,56372725.0
56373069.0,56373069.0
56376568.0,56376568.0
56377699.0,56377699.0
56377987.0,56377987.0
56379882.0,56379882.0
56379901.0,56379901.0
56380246.0,56380246.0
56381252.0,56381252.0
56381563.0,56381563.0
56382642.0,56382642.0
56383202.0,56383202.0
56384100.0,56384100.0
56384115.0,56384115.0
56384123.0,56384123.0
56384283.0,56384283.0
56384285.0,56384285.0
56384307.0,56384307.0
56384325.0,56384325.0
56384343.0,56384343.0
56384361.0,56384361.0
56384370.0,56384370.0
56384387.0,56384387.0
56384392.0,56384392.0
56384393.0,56384393.0
56384396.0,56384396.0
56384397.0,56384397.0
56384398.0,56384398.0
56384404.0,56384404.0
56384405.0,56384405.0
56384562.0,56384562.0
56384563.0,56384563.0
56384628.0,56384628.0
56384629.0,56384629.0
56384636.0,56384636.0
56384659.0,56384659.0
56384660.0,56384660.0
56384677.0,56384677.0
56384678.0,56384678.0
56384683.0,56384683.0
56384691.0,56384691.0
56384693.0,56384693.0
56384702.0,56384702.0
56384706.0,56384706.0
56384721.0,56384721.0
56384722.0,56384722.0
56384915.0,56384915.0
56384927.0,56384927.0
56384928.0,56384928.0
56384929.0,56384929.0
56384930.0,56384930.0
56384931.0,56384931.0
56384934.0,56384934.0
56384936.0,56384936.0
56384937.0,56384937.0
56384955.0,56384955.0
56384959.0,56384959.0
56384960.0,56384960.0
56384968.0,56384968.0
56384969.0,56384969.0
56385008.0,56385008.0
56385009.0,56385009.0
56385011.0,56385011.0
56385015.0,56385015.0
56385020.0,56385020.0
56385021.0,56385021.0
56385032.0,56385032.0
56385047.0,56385047.0
56385048.0,56385048.0
56385055.0,56385055.0
56385059.0,56385059.0
56385075.0,56385075.0
56385087.0,56385087.0
56385209.0,56385209.0
56385227.0,56385227.0
56385231.0,56385231.0
56385260.0,56385260.0
56385261.0,56385261.0
56385266.0,56385266.0
56385267.0,56385267.0
56385268.0,56385268.0
56385301.0,56385301.0
56385312.0,56385312.0
56385319.0,56385319.0
56385329.0,56385329.0
56385332.0,56385332.0
56385347.0,56385347.0
56385348.0,56385348.0
56385375.0,56385375.0
56385376.0,56385376.0
56385391.0,56385391.0
56385424.0,56385424.0
56385534.0,56385534.0
56385559.0,56385559.0
56385581.0,56385581.0
56385640.0,56385640.0
56385653.0,56385653.0
56385659.0,56385659.0
56385664.0,56385664.0
56385691.0,56385691.0
56385704.0,56385704.0
56385740.0,56385740.0
56385761.0,56385761.0
56385762.0,56385762.0
56385766.0,56385766.0
56385767.0,56385767.0
56385775.0,56385775.0
56385776.0,56385776.0
56385779.0,56385779.0
56385882.0,56385882.0
56385883.0,56385883.0
56385885.0,56385885.0
56385893.0,56385893.0
56385922.0,56385922.0
56385923.0,56385923.0
56385924.0,56385924.0
56385930.0,56385930.0
56385962.0,56385962.0
56385965.0,56385965.0
56385981.0,56385981.0
56385987.0,56385987.0
56386002.0,56386002.0
56386004.0,56386004.0
56386007.0,56386007.0
56386028.0,56386028.0
56386029.0,56386029.0
56386030.0,56386030.0
56386035.0,56386035.0
56386081.0,56386081.0
56386095.0,56386095.0
56386113.0,56386113.0
56386291.0,56386291.0
56386293.0,56386293.0
56386318.0,56386318.0
56386320.0,56386320.0
56386394.0,56386394.0
56386396.0,56386396.0
56386408.0,56386408.0
56386412.0,56386412.0
56386413.0,56386413.0
56386416.0,56386416.0
56386417.0,56386417.0
56386451.0,56386451.0
56386457.0,56386457.0
56386461.0,56386461.0
56386466.0,56386466.0
56386562.0,56386562.0
56386584.0,56386584.0
56386585.0,56386585.0
56386590.0,56386590.0
56386591.0,56386591.0
56386592.0,56386592.0
56386605.0,56386605.0
56386617.0,56386617.0
56386638.0,56386638.0
56386642.0,56386642.0
56386643.0,56386643.0
56386648.0,56386648.0
56386649.0,56386649.0
56386653.0,56386653.0
56386657.0,56386657.0
56386665.0,56386665.0
56386667.0,56386667.0
56386668.0,56386668.0
56386669.0,56386669.0
56386673.0,56386673.0
56386686.0,56386686.0
56386694.0,56386694.0
56386695.0,56386695.0
56386696.0,56386696.0
56386713.0,56386713.0
56386719.0,56386719.0
56386720.0,56386720.0
56386722.0,56386722.0
56386723.0,56386723.0
56386725.0,56386725.0
56386726.0,56386726.0
56386730.0,56386730.0
56386742.0,56386742.0
56386749.0,56386749.0
56386762.0,56386762.0
56386785.0,56386785.0
56386792.0,56386792.0
56386898.0,56386898.0
56386913.0,56386913.0
56386928.0,56386928.0
56386929.0,56386929.0
56386981.0,56386981.0
56386991.0,56386991.0
56386992.0,56386992.0
56386993.0,56386993.0
56387001.0,56387001.0
56387004.0,56387004.0
56387021.0,56387021.0
56387027.0,56387027.0
56387038.0,56387038.0
56387045.0,56387045.0
56387048.0,56387048.0
56387049.0,56387049.0
56387071.0,56387071.0
56387075.0,56387075.0
56387117.0,56387117.0
56387147.0,56387147.0
56387148.0,56387148.0
56387149.0,56387149.0
56387161.0,56387161.0
56387281.0,56387281.0
56387292.0,56387292.0
56387345.0,56387345.0
56387346.0,56387346.0
56387363.0,56387363.0
56387375.0,56387375.0
56387379.0,56387379.0
56387386.0,56387386.0
56387407.0,56387407.0
56387411.0,56387411.0
56387412.0,56387412.0
56387415.0,56387415.0
56387416.0,56387416.0
56387452.0,56387452.0
56387458.0,56387458.0
56387462.0,56387462.0
56387470.0,56387470.0
56387471.0,56387471.0
56387474.0,56387474.0
56387493.0,56387493.0
56387496.0,56387496.0
56387598.0,56387598.0
56387618.0,56387618.0
56387632.0,56387632.0
56387682.0,56387682.0
56387683.0,56387683.0
56387684.0,56387684.0
56387685.0,56387685.0
56387688.0,56387688.0
56387691.0,56387691.0
56387692.0,56387692.0
56387705.0,56387705.0
56387707.0,56387707.0
56387708.0,56387708.0
56387709.0,56387709.0
56387710.0,56387710.0
56387726.0,56387726.0
56387732.0,56387732.0
56387740.0,56387740.0
56387741.0,56387741.0
56387745.0,56387745.0
56387747.0,56387747.0
56387748.0,56387748.0
56387749.0,56387749.0
56387750.0,56387750.0
56387751.0,56387751.0
56387764.0,56387764.0
56387765.0,56387765.0
56387802.0,56387802.0
56387952.0,56387952.0
56387966.0,56387966.0
56387967.0,56387967.0
56387988.0,56387988.0
56388003.0,56388003.0
56388004.0,56388004.0
56388011.0,56388011.0
56388034.0,56388034.0
56388054.0,56388054.0
56388055.0,56388055.0
56388060.0,56388060.0
56388070.0,56388070.0
56388072.0,56388072.0
56388079.0,56388079.0
56388080.0,56388080.0
56388083.0,56388083.0
56388084.0,56388084.0
56388085.0,56388085.0
56388087.0,56388087.0
56388088.0,56388088.0
56388089.0,56388089.0
56388093.0,56388093.0
56388100.0,56388100.0
56388102.0,56388102.0
56388103.0,56388103.0
56388106.0,56388106.0
56388165.0,56388165.0
56388186.0,56388186.0
56388283.0,56388283.0
56388296.0,56388296.0
56388371.0,56388371.0
56388376.0,56388376.0
56388377.0,56388377.0
56388398.0,56388398.0
56388401.0,56388401.0
56388403.0,56388403.0
56388422.0,56388422.0
56388423.0,56388423.0
56388430.0,56388430.0
56388432.0,56388432.0
56388441.0,56388441.0
56388490.0,56388490.0
56388491.0,56388491.0
56388711.0,56388711.0
56388736.0,56388736.0
56388740.0,56388740.0
56388757.0,56388757.0
56388759.0,56388759.0
56388760.0,56388760.0
56388788.0,56388788.0
56388789.0,56388789.0
56388791.0,56388791.0
56388805.0,56388805.0
56388821.0,56388821.0
56388836.0,56388836.0
56388838.0,56388838.0
56388839.0,56388839.0
56388846.0,56388846.0
56388847.0,56388847.0
56389059.0,56389059.0
56389072.0,56389072.0
56389076.0,56389076.0
56389077.0,56389077.0
56389082.0,56389082.0
56389083.0,56389083.0
56389089.0,56389089.0
56389097.0,56389097.0
56389098.0,56389098.0
56389099.0,56389099.0
56389104.0,56389104.0
56389107.0,56389107.0
56389108.0,56389108.0
56389117.0,56389117.0
56389123.0,56389123.0
56389126.0,56389126.0
56389127.0,56389127.0
56389139.0,56389139.0
56389153.0,56389153.0
56389287.0,56389287.0
56389540.0,56389540.0
56389549.0,56389549.0
56389553.0,56389553.0
56389559.0,56389559.0
56389563.0,56389563.0
56389565.0,56389565.0
56389568.0,56389568.0
56389577.0,56389577.0
56389579.0,56389579.0
56389589.0,56389589.0
56389606.0,56389606.0
56389613.0,56389613.0
56389633.0,56389633.0
56389643.0,56389643.0
56389653.0,56389653.0
56389660.0,56389660.0
56389661.0,56389661.0
56389663.0,56389663.0
56389726.0,56389726.0
56389729.0,56389729.0
56389753.0,56389753.0
56389755.0,56389755.0
56389759.0,56389759.0
56389764.0,56389764.0
56389773.0,56389773.0
56389774.0,56389774.0
56389778.0,56389778.0
56389780.0,56389780.0
56389785.0,56389785.0
56389796.0,56389796.0
56389799.0,56389799.0
56389801.0,56389801.0
56389806.0,56389806.0
56389807.0,56389807.0
56389816.0,56389816.0
56389817.0,56389817.0
56389824.0,56389824.0
56389854.0,56389854.0
56389855.0,56389855.0
56389865.0,56389865.0
56389873.0,56389873.0
56389876.0,56389876.0
56389877.0,56389877.0
56389891.0,56389891.0
56389893.0,56389893.0
56389894.0,56389894.0
56389895.0,56389895.0
56389898.0,56389898.0
56389899.0,56389899.0
56389901.0,56389901.0
56389914.0,56389914.0
56389938.0,56389938.0
56389942.0,56389942.0
56389972.0,56389972.0
56389973.0,56389973.0
56389974.0,56389974.0
56390018.0,56390018.0
56390021.0,56390021.0
56390037.0,56390037.0
56390038.0,56390038.0
56390063.0,56390063.0
56390067.0,56390067.0
56390082.0,56390082.0
56390120.0,56390120.0
56390133.0,56390133.0
56390135.0,56390135.0
56390136.0,56390136.0
56390143.0,56390143.0
56390144.0,56390144.0
56390147.0,56390147.0
56390157.0,56390157.0
56390161.0,56390161.0
56390190.0,56390190.0
56390191.0,56390191.0
56390192.0,56390192.0
56390194.0,56390194.0
56390196.0,56390196.0
56390219.0,56390219.0
56390240.0,56390240.0
56390297.0,56390297.0
56390299.0,56390299.0
56390330.0,56390330.0
56390348.0,56390348.0
56390350.0,56390350.0
56390363.0,56390363.0
56390384.0,56390384.0
56390408.0,56390408.0
56390409.0,56390409.0
56390420.0,56390420.0
56390428.0,56390428.0
56390445.0,56390445.0
56390446.0,56390446.0
56390453.0,56390453.0
56390471.0,56390471.0
56390472.0,56390472.0
56390474.0,56390474.0
56390486.0,56390486.0
56390492.0,56390492.0
56390494.0,56390494.0
56390495.0,56390495.0
56390509.0,56390509.0
56390510.0,56390510.0
56390522.0,56390522.0
56390538.0,56390538.0
56390564.0,56390564.0
56390573.0,56390573.0
56390595.0,56390595.0
56390622.0,56390622.0
56390656.0,56390656.0
56390658.0,56390658.0
56390713.0,56390713.0
56390743.0,56390743.0
56390744.0,56390744.0
56390758.0,56390758.0
56390759.0,56390759.0
56390760.0,56390760.0
56390762.0,56390762.0
56390767.0,56390767.0
56390778.0,56390778.0
56390794.0,56390794.0
56390799.0,56390799.0
56390801.0,56390801.0
56390805.0,56390805.0
56390814.0,56390814.0
56390818.0,56390818.0
56390823.0,56390823.0
56390826.0,56390826.0
56390836.0,56390836.0
56390837.0,56390837.0
56390847.0,56390847.0
56390876.0,56390876.0
56390879.0,56390879.0
56390892.0,56390892.0
56390913.0,56390913.0
56390922.0,56390922.0
56390923.0,56390923.0
56390930.0,56390930.0
56390936.0,56390936.0
56390937.0,56390937.0
56390944.0,56390944.0
56390945.0,56390945.0
56390949.0,56390949.0
56390952.0,56390952.0
56390957.0,56390957.0
56390962.0,56390962.0
56390963.0,56390963.0
56390967.0,56390967.0
56390968.0,56390968.0
56390982.0,56390982.0
56390992.0,56390992.0
56390993.0,56390993.0
56390994.0,56390994.0
56391005.0,56391005.0
56391013.0,56391013.0
56391014.0,56391014.0
56391022.0,56391022.0
56391023.0,56391023.0
56391048.0,56391048.0
56391049.0,56391049.0
56391050.0,56391050.0
56391051.0,56391051.0
56391057.0,56391057.0
56391062.0,56391062.0
56391071.0,56391071.0
56391072.0,56391072.0
56391076.0,56391076.0
56391086.0,56391086.0
56391100.0,56391100.0
56391107.0,56391107.0
56391109.0,56391109.0
56391110.0,56391110.0
56391112.0,56391112.0
56391118.0,56391118.0
56391139.0,56391139.0
56391140.0,56391140.0
56391149.0,56391149.0
56391150.0,56391150.0
56391156.0,56391156.0
56391168.0,56391168.0
56391169.0,56391169.0
56391170.0,56391170.0
56391175.0,56391175.0
56391180.0,56391180.0
56391192.0,56391192.0
56391194.0,56391194.0
56391195.0,56391195.0
56391203.0,56391203.0
56391205.0,56391205.0
56391206.0,56391206.0
56391226.0,56391226.0
56391227.0,56391227.0
56391281.0,56391281.0
56391284.0,56391284.0
56391285.0,56391285.0
56391286.0,56391286.0
56391292.0,56391292.0
56391313.0,56391313.0
56391318.0,56391318.0
56391319.0,56391319.0
56391323.0,56391323.0
56391330.0,56391330.0
56391337.0,56391337.0
56391338.0,56391338.0
56391346.0,56391346.0
56391350.0,56391350.0
56391352.0,56391352.0
56391355.0,56391355.0
56391361.0,56391361.0
56391368.0,56391368.0
56391370.0,56391370.0
56391374.0,56391374.0
56391378.0,56391378.0
56391379.0,56391379.0
56391390.0,56391390.0
56391391.0,56391391.0
56391397.0,56391397.0
56391405.0,56391405.0
56391420.0,56391420.0
56391425.0,56391425.0
56391433.0,56391433.0
56391435.0,56391435.0
56391438.0,56391438.0
56391440.0,56391440.0
56391441.0,56391441.0
56391442.0,56391442.0
56391444.0,56391444.0
56391452.0,56391452.0
56391461.0,56391461.0
56391476.0,56391476.0
56391480.0,56391480.0
56391485.0,56391485.0
56391488.0,56391488.0
56391490.0,56391490.0
56391513.0,56391513.0
56391515.0,56391515.0
56391520.0,56391520.0
56391521.0,56391521.0
56391530.0,56391530.0
56391534.0,56391534.0
56391566.0,56391566.0
56391572.0,56391572.0
56391589.0,56391589.0
56391597.0,56391597.0
56391604.0,56391604.0
56391609.0,56391609.0
56391711.0,56391711.0
56391722.0,56391722.0
56391723.0,56391723.0
56391724.0,56391724.0
56391726.0,56391726.0
56391737.0,56391737.0
56391750.0,56391750.0
56391761.0,56391761.0
56391768.0,56391768.0
56391785.0,56391785.0
56391786.0,56391786.0
56391795.0,56391795.0
56391811.0,56391811.0
56391812.0,56391812.0
56391817.0,56391817.0
56391821.0,56391821.0
56391822.0,56391822.0
56391823.0,56391823.0
56391824.0,56391824.0
56391836.0,56391836.0
56391843.0,56391843.0
56391854.0,56391854.0
56391855.0,56391855.0
56391865.0,56391865.0
56391894.0,56391894.0
56391911.0,56391911.0
56391919.0,56391919.0
56391921.0,56391921.0
56391925.0,56391925.0
56391926.0,56391926.0
56391952.0,56391952.0
56391988.0,56391988.0
56391989.0,56391989.0
56391990.0,56391990.0
56392004.0,56392004.0
56392006.0,56392006.0
56392018.0,56392018.0
56392024.0,56392024.0
56392035.0,56392035.0
56392036.0,56392036.0
56392037.0,56392037.0
56392038.0,56392038.0
56392050.0,56392050.0
56392063.0,56392063.0
56392066.0,56392066.0
56392072.0,56392072.0
56392073.0,56392073.0
56392075.0,56392075.0
56392077.0,56392077.0
56392087.0,56392087.0
56392099.0,56392099.0
56392107.0,56392107.0
56392117.0,56392117.0
56392119.0,56392119.0
56392127.0,56392127.0
56392133.0,56392133.0
56392140.0,56392140.0
56392251.0,56392251.0
56392252.0,56392252.0
56392281.0,56392281.0
56392292.0,56392292.0
56392312.0,56392312.0
56392314.0,56392314.0
56392329.0,56392329.0
56392338.0,56392338.0
56392339.0,56392339.0
56392340.0,56392340.0
56392341.0,56392341.0
56392356.0,56392356.0
56392360.0,56392360.0
56392362.0,56392362.0
56392364.0,56392364.0
56392382.0,56392382.0
56392394.0,56392394.0
56392478.0,56392478.0
56392612.0,56392612.0
56392618.0,56392618.0
56392634.0,56392634.0
56392641.0,56392641.0
56392657.0,56392657.0
56392727.0,56392727.0
56392731.0,56392731.0
56392732.0,56392732.0
56392740.0,56392740.0
56392753.0,56392753.0
56392828.0,56392828.0
56392830.0,56392830.0
56392897.0,56392897.0
56392914.0,56392914.0
56392915.0,56392915.0
56392918.0,56392918.0
56392944.0,56392944.0
56392946.0,56392946.0
56392955.0,56392955.0
56392958.0,56392958.0
56392968.0,56392968.0
56392991.0,56392991.0
56392993.0,56392993.0
56392994.0,56392994.0
56392996.0,56392996.0
56393000.0,56393000.0
56393119.0,56393119.0
56393126.0,56393126.0
56393242.0,56393242.0
56393259.0,56393259.0
56393281.0,56393281.0
56393329.0,56393329.0
56393336.0,56393336.0
56393337.0,56393337.0
56393338.0,56393338.0
56393340.0,56393340.0
56393341.0,56393341.0
56393342.0,56393342.0
56393364.0,56393364.0
56393372.0,56393372.0
56393380.0,56393380.0
56393395.0,56393395.0
56393408.0,56393408.0
56393409.0,56393409.0
56393431.0,56393431.0
56393502.0,56393502.0
56393503.0,56393503.0
56393504.0,56393504.0
56393536.0,56393536.0
56393541.0,56393541.0
56393554.0,56393554.0
56393570.0,56393570.0
56393572.0,56393572.0
56393609.0,56393609.0
56393610.0,56393610.0
56393630.0,56393630.0
56393632.0,56393632.0
56393635.0,56393635.0
56393653.0,56393653.0
56393701.0,56393701.0
56393727.0,56393727.0
56393747.0,56393747.0
56393748.0,56393748.0
56393750.0,56393750.0
56393758.0,56393758.0
56393759.0,56393759.0
56393762.0,56393762.0
56393771.0,56393771.0
56393775.0,56393775.0
56393780.0,56393780.0
56393781.0,56393781.0
56393782.0,56393782.0
56393783.0,56393783.0
56393785.0,56393785.0
56393835.0,56393835.0
56393836.0,56393836.0
56393891.0,56393891.0
56393892.0,56393892.0
56393908.0,56393908.0
56393911.0,56393911.0
56393933.0,56393933.0
56393934.0,56393934.0
56393962.0,56393962.0
56393978.0,56393978.0
56393980.0,56393980.0
56393997.0,56393997.0
56394008.0,56394008.0
56394014.0,56394014.0
56394042.0,56394042.0
56394048.0,56394048.0
56394051.0,56394051.0
56394052.0,56394052.0
56394063.0,56394063.0
56394075.0,56394075.0
56394084.0,56394084.0
56394085.0,56394085.0
56394086.0,56394086.0
56394090.0,56394090.0
56394095.0,56394095.0
56394100.0,56394100.0
56394106.0,56394106.0
56394108.0,56394108.0
56394109.0,56394109.0
56394111.0,56394111.0
56394119.0,56394119.0
56394125.0,56394125.0
56394126.0,56394126.0
56394270.0,56394270.0
56394290.0,56394290.0
56394342.0,56394342.0
56394355.0,56394355.0
56394369.0,56394369.0
56394374.0,56394374.0
56394375.0,56394375.0
56394376.0,56394376.0
56394377.0,56394377.0
56394396.0,56394396.0
56394446.0,56394446.0
56394447.0,56394447.0
56394462.0,56394462.0
56394465.0,56394465.0
56394567.0,56394567.0
56394569.0,56394569.0
56394578.0,56394578.0
56394579.0,56394579.0
56394580.0,56394580.0
56394628.0,56394628.0
56394671.0,56394671.0
56394677.0,56394677.0
56394713.0,56394713.0
56394715.0,56394715.0
56394821.0,56394821.0
56394823.0,56394823.0
56395566.0,56395566.0
56395567.0,56395567.0
56395569.0,56395569.0
56395570.0,56395570.0
56395582.0,56395582.0
56395867.0,56395867.0
56395869.0,56395869.0
56395932.0,56395932.0
56396192.0,56396192.0
56396214.0,56396214.0
56396216.0,56396216.0
56396268.0,56396268.0
56396283.0,56396283.0
56396501.0,56396501.0
56396515.0,56396515.0
56396518.0,56396518.0
56396561.0,56396561.0
56396806.0,56396806.0
56396814.0,56396814.0
56396835.0,56396835.0
56396916.0,56396916.0
56396917.0,56396917.0
56396918.0,56396918.0
56396951.0,56396951.0
56397172.0,56397172.0
56397209.0,56397209.0
56397232.0,56397232.0
56397238.0,56397238.0
56397239.0,56397239.0
56397263.0,56397263.0
56397303.0,56397303.0
56397305.0,56397305.0
56397493.0,56397493.0
56397497.0,56397497.0
56397499.0,56397499.0
56397521.0,56397521.0
56397522.0,56397522.0
56397549.0,56397549.0
56397550.0,56397550.0
56397568.0,56397568.0
56397570.0,56397570.0
56397583.0,56397583.0
56397588.0,56397588.0
56397852.0,56397852.0
56397877.0,56397877.0
56397878.0,56397878.0
56397879.0,56397879.0
56397891.0,56397891.0
56397892.0,56397892.0
56397893.0,56397893.0
56397894.0,56397894.0
56397897.0,56397897.0
56397907.0,56397907.0
56397908.0,56397908.0
56397909.0,56397909.0
56397910.0,56397910.0
56397911.0,56397911.0
56397918.0,56397918.0
56397919.0,56397919.0
56397920.0,56397920.0
56398055.0,56398055.0
56398184.0,56398184.0
56398185.0,56398185.0
56398206.0,56398206.0
56398213.0,56398213.0
56398215.0,56398215.0
56398224.0,56398224.0
56398233.0,56398233.0
56398234.0,56398234.0
56398242.0,56398242.0
56398262.0,56398262.0
56398263.0,56398263.0
56398530.0,56398530.0
56398550.0,56398550.0
56398551.0,56398551.0
56398554.0,56398554.0
56398555.0,56398555.0
56398563.0,56398563.0
56398565.0,56398565.0
56398567.0,56398567.0
56398568.0,56398568.0
56398569.0,56398569.0
56398570.0,56398570.0
56398583.0,56398583.0
56398597.0,56398597.0
56398598.0,56398598.0
56398599.0,56398599.0
56398600.0,56398600.0
56398602.0,56398602.0
56398804.0,56398804.0
56398875.0,56398875.0
56398877.0,56398877.0
56398879.0,56398879.0
56398893.0,56398893.0
56398894.0,56398894.0
56398895.0,56398895.0
56398896.0,56398896.0
56398899.0,56398899.0
56398913.0,56398913.0
56398915.0,56398915.0
56398916.0,56398916.0
56398917.0,56398917.0
56399132.0,56399132.0
56399178.0,56399178.0
56400257.0,56400257.0
56400267.0,56400267.0
56400277.0,56400277.0
56400278.0,56400278.0
56400286.0,56400286.0
56400309.0,56400309.0
56400336.0,56400336.0
56400341.0,56400341.0
56400353.0,56400353.0
56400358.0,56400358.0
56400365.0,56400365.0
56400367.0,56400367.0
56400383.0,56400383.0
56400396.0,56400396.0
56400591.0,56400591.0
56400603.0,56400603.0
56400621.0,56400621.0
56400630.0,56400630.0
56400633.0,56400633.0
56400647.0,56400647.0
56400648.0,56400648.0
56400659.0,56400659.0
56400662.0,56400662.0
56400670.0,56400670.0
56400749.0,56400749.0
56400754.0,56400754.0
56400829.0,56400829.0
56400896.0,56400896.0
56400897.0,56400897.0
56400898.0,56400898.0
56400942.0,56400942.0
56400943.0,56400943.0
56400952.0,56400952.0
56400962.0,56400962.0
56400967.0,56400967.0
56401030.0,56401030.0
56401042.0,56401042.0
56401043.0,56401043.0
56401057.0,56401057.0
56401066.0,56401066.0
56401067.0,56401067.0
56401068.0,56401068.0
56401079.0,56401079.0
56401083.0,56401083.0
56401088.0,56401088.0
56401090.0,56401090.0
56401092.0,56401092.0
56401096.0,56401096.0
56401098.0,56401098.0
56401142.0,56401142.0
56401282.0,56401282.0
56401301.0,56401301.0
56401303.0,56401303.0
56401331.0,56401331.0
56401332.0,56401332.0
56401346.0,56401346.0
56401353.0,56401353.0
56401360.0,56401360.0
56401363.0,56401363.0
56401370.0,56401370.0
56401371.0,56401371.0
56401372.0,56401372.0
56401394.0,56401394.0
56401403.0,56401403.0
56401439.0,56401439.0
56401440.0,56401440.0
56401441.0,56401441.0
56401442.0,56401442.0
56401466.0,56401466.0
56401586.0,56401586.0
56401633.0,56401633.0
56401637.0,56401637.0
56401644.0,56401644.0
56401704.0,56401704.0
56401705.0,56401705.0
56401741.0,56401741.0
56401742.0,56401742.0
56401758.0,56401758.0
56401771.0,56401771.0
56401787.0,56401787.0
56401789.0,56401789.0
56401815.0,56401815.0
56401901.0,56401901.0
56401902.0,56401902.0
56401967.0,56401967.0
56401970.0,56401970.0
56401972.0,56401972.0
56401990.0,56401990.0
56401996.0,56401996.0
56401997.0,56401997.0
56401999.0,56401999.0
56402007.0,56402007.0
56402008.0,56402008.0
56402058.0,56402058.0
56402081.0,56402081.0
56402085.0,56402085.0
56402212.0,56402212.0
56402226.0,56402226.0
56402277.0,56402277.0
56402295.0,56402295.0
56402321.0,56402321.0
56402337.0,56402337.0
56402358.0,56402358.0
56402365.0,56402365.0
56402395.0,56402395.0
56402581.0,56402581.0
56402582.0,56402582.0
56402627.0,56402627.0
56402654.0,56402654.0
56402681.0,56402681.0
56402709.0,56402709.0
56402710.0,56402710.0
56402744.0,56402744.0
56402758.0,56402758.0
56402811.0,56402811.0
56402819.0,56402819.0
56402924.0,56402924.0
56403012.0,56403012.0
56403073.0,56403073.0
56403101.0,56403101.0
56403314.0,56403314.0
56403320.0,56403320.0
56403321.0,56403321.0
56403329.0,56403329.0
56403331.0,56403331.0
56403332.0,56403332.0
56403336.0,56403336.0
56403338.0,56403338.0
56403339.0,56403339.0
56403340.0,56403340.0
56403341.0,56403341.0
56403363.0,56403363.0
56403451.0,56403451.0
56403452.0,56403452.0
56403453.0,56403453.0
56403509.0,56403509.0
56403510.0,56403510.0
56403593.0,56403593.0
56403612.0,56403612.0
56403618.0,56403618.0
56403628.0,56403628.0
56403636.0,56403636.0
56403637.0,56403637.0
56403644.0,56403644.0
56403645.0,56403645.0
56403647.0,56403647.0
56403661.0,56403661.0
56403663.0,56403663.0
56403674.0,56403674.0
56403675.0,56403675.0
56403774.0,56403774.0
56403837.0,56403837.0
56403841.0,56403841.0
56403842.0,56403842.0
56403843.0,56403843.0
56403844.0,56403844.0
56403946.0,56403946.0
56403955.0,56403955.0
56403976.0,56403976.0
56403983.0,56403983.0
56403997.0,56403997.0
56403999.0,56403999.0
56404000.0,56404000.0
56404002.0,56404002.0
56404004.0,56404004.0
56404005.0,56404005.0
56404007.0,56404007.0
56404013.0,56404013.0
56404018.0,56404018.0
56404021.0,56404021.0
56404101.0,56404101.0
56404102.0,56404102.0
56404198.0,56404198.0
56404298.0,56404298.0
56404300.0,56404300.0
56404304.0,56404304.0
56404305.0,56404305.0
56404307.0,56404307.0
56404320.0,56404320.0
56404323.0,56404323.0
56404339.0,56404339.0
56404347.0,56404347.0
56404348.0,56404348.0
56404350.0,56404350.0
56404353.0,56404353.0
56404358.0,56404358.0
56404364.0,56404364.0
56404372.0,56404372.0
56404433.0,56404433.0
56404466.0,56404466.0
56404488.0,56404488.0
56404562.0,56404562.0
56404593.0,56404593.0
56404655.0,56404655.0
56404686.0,56404686.0
56404696.0,56404696.0
56404712.0,56404712.0
56404751.0,56404751.0
56404934.0,56404934.0
56404984.0,56404984.0
56404990.0,56404990.0
56404991.0,56404991.0
56404993.0,56404993.0
56404994.0,56404994.0
56405001.0,56405001.0
56405002.0,56405002.0
56405005.0,56405005.0
56405006.0,56405006.0
56405040.0,56405040.0
56405046.0,56405046.0
56405048.0,56405048.0
56405058.0,56405058.0
56405101.0,56405101.0
56405347.0,56405347.0
56405348.0,56405348.0
56405373.0,56405373.0
56405378.0,56405378.0
56405382.0,56405382.0
56405389.0,56405389.0
56405394.0,56405394.0
56405395.0,56405395.0
56405430.0,56405430.0
56405432.0,56405432.0
56405464.0,56405464.0
56405469.0,56405469.0
56405513.0,56405513.0
56405618.0,56405618.0
56405679.0,56405679.0
56405682.0,56405682.0
56405698.0,56405698.0
56405699.0,56405699.0
56405739.0,56405739.0
56405744.0,56405744.0
56405748.0,56405748.0
56405749.0,56405749.0
56405774.0,56405774.0
56405776.0,56405776.0
56405788.0,56405788.0
56405791.0,56405791.0
56405801.0,56405801.0
56405809.0,56405809.0
56405821.0,56405821.0
56405825.0,56405825.0
56405826.0,56405826.0
56405827.0,56405827.0
56405831.0,56405831.0
56405832.0,56405832.0
56405839.0,56405839.0
56405848.0,56405848.0
56405853.0,56405853.0
56405861.0,56405861.0
56405863.0,56405863.0
56405864.0,56405864.0
56405873.0,56405873.0
56405881.0,56405881.0
56405883.0,56405883.0
56405887.0,56405887.0
56405898.0,56405898.0
56405904.0,56405904.0
56405910.0,56405910.0
56405913.0,56405913.0
56405914.0,56405914.0
56405921.0,56405921.0
56405922.0,56405922.0
56406015.0,56406015.0
56406019.0,56406019.0
56406022.0,56406022.0
56406029.0,56406029.0
56406032.0,56406032.0
56406037.0,56406037.0
56406038.0,56406038.0
56406040.0,56406040.0
56406041.0,56406041.0
56406049.0,56406049.0
56406050.0,56406050.0
56406053.0,56406053.0
56406060.0,56406060.0
56406070.0,56406070.0
56406072.0,56406072.0
56406075.0,56406075.0
56406077.0,56406077.0
56406078.0,56406078.0
56406082.0,56406082.0
56406083.0,56406083.0
56406084.0,56406084.0
56406093.0,56406093.0
56406094.0,56406094.0
56406132.0,56406132.0
56406153.0,56406153.0
56406180.0,56406180.0
56406183.0,56406183.0
56406249.0,56406249.0
56406355.0,56406355.0
56406404.0,56406404.0
56406485.0,56406485.0
56406696.0,56406696.0
56406736.0,56406736.0
56406838.0,56406838.0
56407001.0,56407001.0
56407013.0,56407013.0
56407015.0,56407015.0
56407019.0,56407019.0
56407032.0,56407032.0
56407035.0,56407035.0
56407190.0,56407190.0
56407194.0,56407194.0
56407207.0,56407207.0
56407209.0,56407209.0
56407304.0,56407304.0
56407333.0,56407333.0
56407336.0,56407336.0
56407364.0,56407364.0
56407407.0,56407407.0
56407428.0,56407428.0
56407429.0,56407429.0
56407462.0,56407462.0
56407476.0,56407476.0
56407478.0,56407478.0
56407480.0,56407480.0
56407481.0,56407481.0
56407482.0,56407482.0
56407485.0,56407485.0
56407486.0,56407486.0
56407489.0,56407489.0
56407516.0,56407516.0
56407544.0,56407544.0
56407545.0,56407545.0
56407548.0,56407548.0
56407549.0,56407549.0
56407550.0,56407550.0
56407551.0,56407551.0
56407552.0,56407552.0
56407554.0,56407554.0
56407561.0,56407561.0
56407575.0,56407575.0
56407617.0,56407617.0
56407631.0,56407631.0
56407637.0,56407637.0
56407641.0,56407641.0
56407668.0,56407668.0
56407669.0,56407669.0
56407687.0,56407687.0
56407693.0,56407693.0
56407704.0,56407704.0
56407708.0,56407708.0
56407710.0,56407710.0
56407711.0,56407711.0
56407713.0,56407713.0
56407720.0,56407720.0
56407721.0,56407721.0
56407732.0,56407732.0
56407739.0,56407739.0
56407748.0,56407748.0
56407749.0,56407749.0
56407751.0,56407751.0
56407770.0,56407770.0
56407773.0,56407773.0
56407774.0,56407774.0
56407775.0,56407775.0
56407776.0,56407776.0
56407777.0,56407777.0
56407778.0,56407778.0
56407781.0,56407781.0
56407795.0,56407795.0
56407797.0,56407797.0
56407804.0,56407804.0
56407807.0,56407807.0
56407810.0,56407810.0
56407820.0,56407820.0
56407824.0,56407824.0
56407825.0,56407825.0
56407827.0,56407827.0
56407837.0,56407837.0
56407843.0,56407843.0
56407850.0,56407850.0
56407941.0,56407941.0
56407944.0,56407944.0
56407950.0,56407950.0
56407954.0,56407954.0
56407955.0,56407955.0
56407956.0,56407956.0
56407957.0,56407957.0
56407959.0,56407959.0
56407960.0,56407960.0
56407961.0,56407961.0
56407964.0,56407964.0
56407965.0,56407965.0
56407971.0,56407971.0
56407973.0,56407973.0
56407976.0,56407976.0
56407982.0,56407982.0
56407986.0,56407986.0
56407988.0,56407988.0
56407996.0,56407996.0
56407997.0,56407997.0
56408003.0,56408003.0
56408005.0,56408005.0
56408019.0,56408019.0
56408020.0,56408020.0
60669844.0,60669844.0
60669845.0,60669845.0
60669846.0,60669846.0
60669850.0,60669850.0
60984679.0,60984679.0
60984687.0,60984687.0
60984688.0,60984688.0
60985007.0,60985007.0
61214062.0,61214062.0
61291140.0,61291140.0
61302065.0,61302065.0
61302066.0,61302066.0
61314934.0,61314934.0
61316814.0,61316814.0
61355174.0,61355174.0
61363630.0,61363630.0
61364854.0,61364854.0
61365164.0,61365164.0
61365753.0,61365753.0
61366501.0,61366501.0
61371564.0,61371564.0
61372024.0,61372024.0
61374733.0,61374733.0
62794475.0,62794475.0
62794478.0,62794478.0
62833603.0,62833603.0
62930782.0,62930782.0
62930783.0,62930783.0
62933091.0,62933091.0
63054671.0,63054671.0
64288326.0,64288326.0
64742283.0,64742283.0
64742285.0,64742285.0
65500119.0,65500119.0
65508807.0,65508807.0
65508845.0,65508845.0
65508856.0,65508856.0
65509046.0,65509046.0
65509260.0,65509260.0
65509406.0,65509406.0
65509560.0,65509560.0
65509662.0,65509662.0
65509671.0,65509671.0
65509691.0,65509691.0
65509736.0,65509736.0
65509791.0,65509791.0
65509892.0,65509892.0
65510031.0,65510031.0
65510217.0,65510217.0
65510716.0,65510716.0
65510827.0,65510827.0
65512070.0,65512070.0
65512088.0,65512088.0
65512089.0,65512089.0
65512622.0,65512622.0
65512878.0,65512878.0
65512888.0,65512888.0
65512907.0,65512907.0
65512955.0,65512955.0
65513075.0,65513075.0
65513143.0,65513143.0
65513158.0,65513158.0
65513304.0,65513304.0
65513532.0,65513532.0
65513791.0,65513791.0
65513792.0,65513792.0
65513887.0,65513887.0
65513927.0,65513927.0
65515708.0,65515708.0
65651002.0,65651002.0
65766181.0,65766181.0
65767817.0,65767817.0
65771150.0,65771150.0
65771151.0,65771151.0
65772530.0,65772530.0
65772531.0,65772531.0
65773354.0,65773354.0
65775474.0,65775474.0
65775479.0,65775479.0
65778299.0,65778299.0
65778366.0,65778366.0
65853488.0,65853488.0
65853491.0,65853491.0
65866388.0,65866388.0
65866442.0,65866442.0
65886822.0,65886822.0
65887446.0,65887446.0
65890178.0,65890178.0
65890245.0,65890245.0
65890673.0,65890673.0
65901998.0,65901998.0
65911632.0,65911632.0
65911637.0,65911637.0
65913193.0,65913193.0
65914841.0,65914841.0
65917903.0,65917903.0
65938181.0,65938181.0
65939089.0,65939089.0
65940635.0,65940635.0
65947459.0,65947459.0
65949239.0,65949239.0
65951314.0,65951314.0
65969306.0,65969306.0
65971404.0,65971404.0
65980283.0,65980283.0
65988370.0,65988370.0
66004041.0,66004041.0
66027607.0,66027607.0
66030179.0,66030179.0
66074883.0,66074883.0
66075124.0,66075124.0
66075811.0,66075811.0
66076837.0,66076837.0
66078044.0,66078044.0
66081176.0,66081176.0
66084383.0,66084383.0
66084832.0,66084832.0
66088498.0,66088498.0
66088693.0,66088693.0
66088782.0,66088782.0
66108892.0,66108892.0
66113983.0,66113983.0
66114303.0,66114303.0
66127568.0,66127568.0
66133885.0,66133885.0
66219863.0,66219863.0
66243668.0,66243668.0
66243739.0,66243739.0
66243743.0,66243743.0
66244779.0,66244779.0
66244785.0,66244785.0
66244826.0,66244826.0
66244827.0,66244827.0
66244830.0,66244830.0
66247830.0,66247830.0
66251203.0,66251203.0
66599513.0,66599513.0
66671035.0,66671035.0
66679013.0,66679013.0
66687804.0,66687804.0
66701706.0,66701706.0
66733879.0,66733879.0
66733880.0,66733880.0
66733881.0,66733881.0
66843590.0,66843590.0
66859762.0,66859762.0
66887803.0,66887803.0
66909744.0,66909744.0
67577842.0,67577842.0
67577911.0,67577911.0
67579548.0,67579548.0
67590369.0,67590369.0
71980354.0,71980354.0
72002643.0,72002643.0
72016879.0,72016879.0
72016882.0,72016882.0
72035006.0,72035006.0
72035008.0,72035008.0
72037123.0,72037123.0
72251539.0,72251539.0
72371781.0,72371781.0
72371787.0,72371787.0
72371788.0,72371788.0
72371795.0,72371795.0
72371912.0,72371912.0
72371913.0,72371913.0
72371914.0,72371914.0
72371938.0,72371938.0
72371941.0,72371941.0
72371946.0,72371946.0
72372033.0,72372033.0
72372041.0,72372041.0
72372100.0,72372100.0
72372136.0,72372136.0
72372159.0,72372159.0
72372195.0,72372195.0
72372228.0,72372228.0
72372230.0,72372230.0
72372231.0,72372231.0
72372243.0,72372243.0
72372252.0,72372252.0
72372279.0,72372279.0
72372281.0,72372281.0
72372282.0,72372282.0
72372285.0,72372285.0
72372289.0,72372289.0
72372290.0,72372290.0
72372291.0,72372291.0
72372292.0,72372292.0
72372307.0,72372307.0
72372308.0,72372308.0
72372437.0,72372437.0
72372438.0,72372438.0
72372538.0,72372538.0
72372613.0,72372613.0
72372629.0,72372629.0
72372835.0,72372835.0
72372839.0,72372839.0
72372840.0,72372840.0
72372853.0,72372853.0
72372999.0,72372999.0
72373043.0,72373043.0
72373044.0,72373044.0
72373215.0,72373215.0
72373216.0,72373216.0
72373217.0,72373217.0
72373218.0,72373218.0
72373223.0,72373223.0
72373224.0,72373224.0
72373225.0,72373225.0
72373229.0,72373229.0
72373230.0,72373230.0
72373259.0,72373259.0
72373429.0,72373429.0
72373430.0,72373430.0
72373457.0,72373457.0
72373463.0,72373463.0
72373536.0,72373536.0
72373540.0,72373540.0
72373541.0,72373541.0
72373587.0,72373587.0
72373588.0,72373588.0
72373590.0,72373590.0
72373650.0,72373650.0
72373652.0,72373652.0
72373655.0,72373655.0
72373656.0,72373656.0
72373658.0,72373658.0
72373659.0,72373659.0
72373670.0,72373670.0
72373671.0,72373671.0
72373726.0,72373726.0
72373727.0,72373727.0
72373747.0,72373747.0
72373748.0,72373748.0
72373806.0,72373806.0
72373810.0,72373810.0
72373906.0,72373906.0
72373907.0,72373907.0
72373946.0,72373946.0
72373969.0,72373969.0
72373970.0,72373970.0
72374141.0,72374141.0
72374189.0,72374189.0
72374190.0,72374190.0
72374191.0,72374191.0
72374192.0,72374192.0
72374279.0,72374279.0
72374336.0,72374336.0
72374476.0,72374476.0
72374532.0,72374532.0
72374663.0,72374663.0
72374665.0,72374665.0
72374688.0,72374688.0
72410378.0,72410378.0
72410574.0,72410574.0
72410575.0,72410575.0
72410576.0,72410576.0
72410945.0,72410945.0
72410949.0,72410949.0
72635642.0,72635642.0
73104002.0,73104002.0
73215683.0,73215683.0
73330061.0,73330061.0
73330069.0,73330069.0
73831049.0,73831049.0
74492946.0,74492946.0
74492968.0,74492968.0
74639560.0,74639560.0
74983567.0,74983567.0
75159550.0,75159550.0
75331542.0,75331542.0
75331543.0,75331543.0
75332086.0,75332086.0
75332233.0,75332233.0
75332234.0,75332234.0
75332791.0,75332791.0
75405980.0,75405980.0
75424347.0,75424347.0
75445629.0,75445629.0
75670566.0,75670566.0
75670663.0,75670663.0
75671059.0,75671059.0
75912955.0,75912955.0
75948686.0,75948686.0
76406101.0,76406101.0
76822454.0,76822454.0
77269649.0,77269649.0
78225752.0,78225752.0
78225765.0,78225765.0
78225833.0,78225833.0
78937785.0,78937785.0
79552932.0,79552932.0
79961582.0,79961582.0
79961588.0,79961588.0
80389317.0,80389317.0
80680443.0,80680443.0
80738210.0,80738210.0
80738823.0,80738823.0
80738824.0,80738824.0
80760463.0,80760463.0
80760603.0,80760603.0
80760644.0,80760644.0
80760645.0,80760645.0
80761737.0,80761737.0
80761748.0,80761748.0
80940178.0,80940178.0
80943529.0,80943529.0
80943539.0,80943539.0
80943620.0,80943620.0
80943621.0,80943621.0
80943622.0,80943622.0
81113771.0,81113771.0
81113772.0,81113772.0
81212640.0,81212640.0
81233309.0,81233309.0
81233310.0,81233310.0
81235466.0,81235466.0
81235475.0,81235475.0
81256505.0,81256505.0
81257306.0,81257306.0
81257316.0,81257316.0
81259576.0,81259576.0
81259577.0,81259577.0
81259620.0,81259620.0
81282693.0,81282693.0
81282703.0,81282703.0
81340626.0,81340626.0
81340635.0,81340635.0
81340636.0,81340636.0
81340637.0,81340637.0
81361704.0,81361704.0
81361706.0,81361706.0
81363454.0,81363454.0
81363455.0,81363455.0
81386534.0,81386534.0
81386600.0,81386600.0
81386707.0,81386707.0
81387882.0,81387882.0
81387883.0,81387883.0
81430701.0,81430701.0
81491946.0,81491946.0
81494301.0,81494301.0
81514313.0,81514313.0
81515440.0,81515440.0
81518032.0,81518032.0
81540195.0,81540195.0
81540438.0,81540438.0
81540842.0,81540842.0
81541331.0,81541331.0
81542229.0,81542229.0
81565467.0,81565467.0
81571008.0,81571008.0
81571214.0,81571214.0
81571284.0,81571284.0
81571287.0,81571287.0
81571412.0,81571412.0
81571413.0,81571413.0
81593344.0,81593344.0
81680456.0,81680456.0
81680465.0,81680465.0
81899366.0,81899366.0
81980367.0,81980367.0
81980383.0,81980383.0
82000372.0,82000372.0
82001746.0,82001746.0
82003588.0,82003588.0
82025103.0,82025103.0
82025106.0,82025106.0
82103752.0,82103752.0
82103756.0,82103756.0
82103784.0,82103784.0
82126561.0,82126561.0
82247692.0,82247692.0
82290569.0,82290569.0
82290570.0,82290570.0
82431606.0,82431606.0
83591637.0,83591637.0
83591638.0,83591638.0
83592037.0,83592037.0
83592048.0,83592048.0
83620355.0,83620355.0
83620365.0,83620365.0
83620366.0,83620366.0
83620928.0,83620928.0
83622811.0,83622811.0
83623045.0,83623045.0
83789274.0,83789274.0
83810534.0,83810534.0
83810541.0,83810541.0
83810700.0,83810700.0
83810706.0,83810706.0
83813232.0,83813232.0
83813233.0,83813233.0
83813234.0,83813234.0
83813237.0,83813237.0
83839666.0,83839666.0
83839759.0,83839759.0
83839760.0,83839760.0
83975753.0,83975753.0
83975756.0,83975756.0
83995394.0,83995394.0
83995397.0,83995397.0
83997020.0,83997020.0
83997064.0,83997064.0
84040283.0,84040283.0
84041242.0,84041242.0
84100160.0,84100160.0
84100652.0,84100652.0
84101933.0,84101933.0
84102638.0,84102638.0
84102640.0,84102640.0
84121320.0,84121320.0
84142601.0,84142601.0
84294249.0,84294249.0
84294250.0,84294250.0
84294253.0,84294253.0
84294258.0,84294258.0
84294259.0,84294259.0
84431232.0,84431232.0
84431235.0,84431235.0
84452627.0,84452627.0
84452628.0,84452628.0
84531191.0,84531191.0
84599931.0,84599931.0
84621475.0,84621475.0
84624724.0,84624724.0
84624730.0,84624730.0
84624731.0,84624731.0
84624737.0,84624737.0
84624738.0,84624738.0
84624741.0,84624741.0
84863011.0,84863011.0
84864077.0,84864077.0
84864659.0,84864659.0
84864997.0,84864997.0
84886486.0,84886486.0
84886738.0,84886738.0
84910544.0,84910544.0
84995314.0,84995314.0
84996342.0,84996342.0
84996710.0,84996710.0
84997810.0,84997810.0
84997887.0,84997887.0
84998077.0,84998077.0
84998237.0,84998237.0
85019950.0,85019950.0
85287878.0,85287878.0
85952772.0,85952772.0
86011697.0,86011697.0
86535766.0,86535766.0
87183306.0,87183306.0
87380831.0,87380831.0
87381507.0,87381507.0
87756579.0,87756579.0
88308827.0,88308827.0
88470100.0,88470100.0
89483870.0,89483870.0
89696967.0,89696967.0
89696970.0,89696970.0
89696975.0,89696975.0
89696982.0,89696982.0
89696986.0,89696986.0
89696990.0,89696990.0
89696999.0,89696999.0
90053004.0,90053004.0
90728832.0,90728832.0
90750451.0,90750451.0
90948932.0,90948932.0
90990282.0,90990282.0
90992806.0,90992806.0
90999600.0,90999600.0
91005339.0,91005339.0
91006493.0,91006493.0
91015933.0,91015933.0
91015938.0,91015938.0
91016059.0,91016059.0
91025178.0,91025178.0
91027623.0,91027623.0
91039685.0,91039685.0
91051371.0,91051371.0
91057743.0,91057743.0
91061995.0,91061995.0
91062000.0,91062000.0
91062001.0,91062001.0
91062002.0,91062002.0
91063763.0,91063763.0
91064005.0,91064005.0
91064007.0,91064007.0
91067233.0,91067233.0
91074208.0,91074208.0
91074210.0,91074210.0
91080116.0,91080116.0
91085311.0,91085311.0
91086683.0,91086683.0
91104641.0,91104641.0
91105499.0,91105499.0
91106114.0,91106114.0
91107280.0,91107280.0
91113681.0,91113681.0
91116313.0,91116313.0
91118957.0,91118957.0
91121545.0,91121545.0
91121546.0,91121546.0
91140425.0,91140425.0
91140427.0,91140427.0
91145787.0,91145787.0
91147637.0,91147637.0
91153066.0,91153066.0
91154013.0,91154013.0
91154015.0,91154015.0
91181426.0,91181426.0
91206793.0,91206793.0
91212400.0,91212400.0
91213533.0,91213533.0
91250927.0,91250927.0
91250928.0,91250928.0
91263228.0,91263228.0
91267727.0,91267727.0
91288149.0,91288149.0
91288288.0,91288288.0
91296286.0,91296286.0
91296396.0,91296396.0
91296616.0,91296616.0
91297165.0,91297165.0
91297166.0,91297166.0
91299327.0,91299327.0
91299480.0,91299480.0
91299570.0,91299570.0
91301928.0,91301928.0
91306353.0,91306353.0
91319351.0,91319351.0
91319352.0,91319352.0
91343885.0,91343885.0
91348328.0,91348328.0
91350652.0,91350652.0
91361267.0,91361267.0
91369421.0,91369421.0
91370590.0,91370590.0
91376542.0,91376542.0
91382311.0,91382311.0
91382312.0,91382312.0
91416406.0,91416406.0
91416407.0,91416407.0
91438615.0,91438615.0
91438617.0,91438617.0
91843528.0,91843528.0
91843803.0,91843803.0
91843817.0,91843817.0
92152495.0,92152495.0
95186201.0,95186201.0
95350966.0,95350966.0
95467534.0,95467534.0
95467539.0,95467539.0
95467543.0,95467543.0
95467544.0,95467544.0
95475184.0,95475184.0
95481837.0,95481837.0
95834022.0,95834022.0
95834031.0,95834031.0
95854306.0,95854306.0
97267740.0,97267740.0
97453147.0,97453147.0
97482501.0,97482501.0
98603721.0,98603721.0
100685537.0,100685537.0
100689896.0,100689896.0
100708901.0,100708901.0
100750450.0,100750450.0
100750451.0,100750451.0
100769001.0,100769001.0
100769005.0,100769005.0
100769006.0,100769006.0
100769008.0,100769008.0
100769052.0,100769052.0
100772650.0,100772650.0
100772658.0,100772658.0
100772762.0,100772762.0
100772997.0,100772997.0
100773000.0,100773000.0
100773004.0,100773004.0
100773022.0,100773022.0
100773055.0,100773055.0
100775832.0,100775832.0
100775849.0,100775849.0
100775860.0,100775860.0
100775861.0,100775861.0
100775872.0,100775872.0
100775875.0,100775875.0
100775886.0,100775886.0
100850003.0,100850003.0
100953355.0,100953355.0
101113611.0,101113611.0
101137474.0,101137474.0
101137480.0,101137480.0
78938978.0,78938978.0
65904988.0,65904988.0
66026614.0,66026614.0
65912325.0,65912325.0
101095617.0,101095617.0
61212331.0,61212331.0
65890182.0,65890182.0
61302558.0,61302558.0
86788989.0,86788989.0
101099553.0,101099553.0
87816561.0,87816561.0
81565917.0,81565917.0
65866395.0,65866395.0
78582680.0,78582680.0
61303525.0,61303525.0
65890186.0,65890186.0
81430039.0,81430039.0
65902570.0,65902570.0
86828846.0,86828846.0
65895138.0,65895138.0
87816562.0,87816562.0
66027748.0,66027748.0
81430381.0,81430381.0
48928851.0,48928851.0
53139737.0,53139737.0
61302027.0,61302027.0
53139934.0,53139934.0
61216269.0,61216269.0
65876141.0,65876141.0
53140008.0,53140008.0
65934998.0,65934998.0
53139658.0,53139658.0
78938320.0,78938320.0
72369156.0,72369156.0
65890188.0,65890188.0
61218399.0,61218399.0
84001825.0,84001825.0
77815597.0,77815597.0
88532885.0,88532885.0
65895137.0,65895137.0
65904546.0,65904546.0
53139548.0,53139548.0
65907279.0,65907279.0
65902565.0,65902565.0
65906133.0,65906133.0
64742235.0,64742235.0
65890192.0,65890192.0
66025044.0,66025044.0
66025037.0,66025037.0
61394642.0,61394642.0
101095629.0,101095629.0
65935421.0,65935421.0
84885892.0,84885892.0
64742242.0,64742242.0
65914842.0,65914842.0
48928856.0,48928856.0
78938327.0,78938327.0
65863528.0,65863528.0
66028902.0,66028902.0
64742243.0,64742243.0
65912324.0,65912324.0
95430353.0,95430353.0
53134511.0,53134511.0
53139794.0,53139794.0
53139659.0,53139659.0
65897156.0,65897156.0
78147394.0,78147394.0
65953837.0,65953837.0
81091169.0,81091169.0
100773111.0,100773111.0
53140259.0,53140259.0
48678709.0,48678709.0
66900841.0,66900841.0
66073941.0,66073941.0
100974501.0,100974501.0
57822695.0,57822695.0
67108816.0,67108816.0
50166921.0,50166921.0
66896500.0,66896500.0
65988371.0,65988371.0
79573290.0,79573290.0
95408074.0,95408074.0
66864719.0,66864719.0
101091902.0,101091902.0
53139288.0,53139288.0
66849525.0,66849525.0
101230796.0,101230796.0
100772732.0,100772732.0
93966869.0,93966869.0
66749467.0,66749467.0
66843588.0,66843588.0
66920629.0,66920629.0
66889872.0,66889872.0
49162242.0,49162242.0
66900842.0,66900842.0
100772656.0,100772656.0
65951315.0,65951315.0
53139498.0,53139498.0
66914592.0,66914592.0
53137212.0,53137212.0
75912951.0,75912951.0
65971367.0,65971367.0
66838631.0,66838631.0
95408100.0,95408100.0
100931896.0,100931896.0
100705101.0,100705101.0
76784463.0,76784463.0
88061125.0,88061125.0
53139568.0,53139568.0
95475186.0,95475186.0
53135600.0,53135600.0
87938996.0,87938996.0
67060324.0,67060324.0
53135906.0,53135906.0
53136379.0,53136379.0
96928470.0,96928470.0
81999365.0,81999365.0
48662511.0,48662511.0
66754473.0,66754473.0
83840329.0,83840329.0
66932992.0,66932992.0
67108817.0,67108817.0
66402012.0,66402012.0
72303307.0,72303307.0
87939573.0,87939573.0
92516391.0,92516391.0
72263713.0,72263713.0
87939329.0,87939329.0
92152143.0,92152143.0
66843589.0,66843589.0
86849345.0,86849345.0
92133389.0,92133389.0
90409273.0,90409273.0
42466501.0,42466501.0
89166916.0,89166916.0
47430687.0,47430687.0
66732575.0,66732575.0
47391969.0,47391969.0
98603667.0,98603667.0
66113883.0,66113883.0
84123690.0,84123690.0
101917837.0,101917837.0
67060325.0,67060325.0
66081118.0,66081118.0
96928254.0,96928254.0
53139330.0,53139330.0
43058588.0,43058588.0
67583533.0,67583533.0
66817427.0,66817427.0
53136540.0,53136540.0
66127562.0,66127562.0
66809297.0,66809297.0
84267119.0,84267119.0
66081108.0,66081108.0
65917907.0,65917907.0
72907600.0,72907600.0
97347227.0,97347227.0
92411505.0,92411505.0
83647742.0,83647742.0
97012715.0,97012715.0
81569728.0,81569728.0
64110240.0,64110240.0
53136526.0,53136526.0
66859238.0,66859238.0
53135593.0,53135593.0
88186567.0,88186567.0
100775844.0,100775844.0
66931464.0,66931464.0
100775881.0,100775881.0
101221123.0,101221123.0
66686358.0,66686358.0
66742788.0,66742788.0
66111609.0,66111609.0
66243664.0,66243664.0
81491751.0,81491751.0
66687745.0,66687745.0
84267121.0,84267121.0
95408101.0,95408101.0
96928478.0,96928478.0
89802363.0,89802363.0
66721451.0,66721451.0
64538748.0,64538748.0
53140341.0,53140341.0
83838135.0,83838135.0
66811862.0,66811862.0
61472889.0,61472889.0
61472900.0,61472900.0
53139704.0,53139704.0
96928467.0,96928467.0
53136206.0,53136206.0
66515739.0,66515739.0
53135110.0,53135110.0
53135501.0,53135501.0
75912948.0,75912948.0
66113872.0,66113872.0
53135452.0,53135452.0
81564817.0,81564817.0
87938600.0,87938600.0
95408098.0,95408098.0
71981457.0,71981457.0
61374397.0,61374397.0
57826024.0,57826024.0
65917906.0,65917906.0
79833250.0,79833250.0
67577847.0,67577847.0
101137609.0,101137609.0
80619272.0,80619272.0
67583553.0,67583553.0
65793055.0,65793055.0
83810704.0,83810704.0
85123173.0,85123173.0
75330610.0,75330610.0
53139374.0,53139374.0
95514230.0,95514230.0
50066939.0,50066939.0
96431716.0,96431716.0
78774312.0,78774312.0
50066936.0,50066936.0
85973053.0,85973053.0
66859330.0,66859330.0
61472715.0,61472715.0
88186836.0,88186836.0
53136460.0,53136460.0
75330521.0,75330521.0
53135582.0,53135582.0
67583541.0,67583541.0
88186657.0,88186657.0
78774318.0,78774318.0
98606077.0,98606077.0
65217831.0,65217831.0
81091168.0,81091168.0
60669728.0,60669728.0
48928879.0,48928879.0
67573094.0,67573094.0
53139466.0,53139466.0
88470091.0,88470091.0
61200377.0,61200377.0
100856046.0,100856046.0
53136477.0,53136477.0
66113864.0,66113864.0
84908595.0,84908595.0
87938744.0,87938744.0
81363445.0,81363445.0
66682922.0,66682922.0
53136019.0,53136019.0
61371506.0,61371506.0
65968787.0,65968787.0
96928266.0,96928266.0
66244778.0,66244778.0
66243676.0,66243676.0
95429406.0,95429406.0
95408068.0,95408068.0
95797904.0,95797904.0
67018286.0,67018286.0
66875836.0,66875836.0
66081111.0,66081111.0
67044380.0,67044380.0
66733877.0,66733877.0
66894697.0,66894697.0
53135111.0,53135111.0
101094394.0,101094394.0
88307816.0,88307816.0
47430695.0,47430695.0
61374398.0,61374398.0
65959783.0,65959783.0
61201379.0,61201379.0
66843591.0,66843591.0
66760168.0,66760168.0
53136450.0,53136450.0
53135555.0,53135555.0
67583546.0,67583546.0
61374399.0,61374399.0
95408078.0,95408078.0
66044762.0,66044762.0
53139863.0,53139863.0
53135081.0,53135081.0
61210351.0,61210351.0
66809296.0,66809296.0
65215691.0,65215691.0
43058586.0,43058586.0
73953016.0,73953016.0
66105719.0,66105719.0
53139570.0,53139570.0
88186659.0,88186659.0
53172563.0,53172563.0
81682507.0,81682507.0
72301960.0,72301960.0
65952326.0,65952326.0
78661801.0,78661801.0
81091172.0,81091172.0
47430671.0,47430671.0
66803489.0,66803489.0
86437533.0,86437533.0
101787403.0,101787403.0
67008813.0,67008813.0
66721453.0,66721453.0
53135564.0,53135564.0
81091908.0,81091908.0
66400407.0,66400407.0
76784465.0,76784465.0
83266844.0,83266844.0
95434536.0,95434536.0
100856049.0,100856049.0
86651571.0,86651571.0
79573284.0,79573284.0
95429405.0,95429405.0
100775874.0,100775874.0
47389668.0,47389668.0
82290563.0,82290563.0
66090724.0,66090724.0
47391665.0,47391665.0
79573291.0,79573291.0
86849350.0,86849350.0
92113631.0,92113631.0
48928877.0,48928877.0
80620254.0,80620254.0
84267110.0,84267110.0
101095319.0,101095319.0
64110233.0,64110233.0
66244786.0,66244786.0
53136361.0,53136361.0
80367409.0,80367409.0
54698991.0,54698991.0
61347302.0,61347302.0
66236019.0,66236019.0
85424275.0,85424275.0
47391846.0,47391846.0
95113105.0,95113105.0
87939327.0,87939327.0
101137475.0,101137475.0
95666419.0,95666419.0
85019535.0,85019535.0
75912945.0,75912945.0
95438951.0,95438951.0
97443385.0,97443385.0
73619147.0,73619147.0
48928839.0,48928839.0
80363242.0,80363242.0
53135723.0,53135723.0
53697862.0,53697862.0
66114302.0,66114302.0
67043608.0,67043608.0
100775854.0,100775854.0
53139601.0,53139601.0
72016888.0,72016888.0
53132838.0,53132838.0
100771219.0,100771219.0
78225758.0,78225758.0
42466537.0,42466537.0
101096019.0,101096019.0
57822631.0,57822631.0
72035013.0,72035013.0
57826032.0,57826032.0
96928263.0,96928263.0
92518313.0,92518313.0
92311704.0,92311704.0
66935103.0,66935103.0
66111616.0,66111616.0
66739820.0,66739820.0
91841145.0,91841145.0
66800528.0,66800528.0
53139995.0,53139995.0
66849526.0,66849526.0
65802765.0,65802765.0
53135539.0,53135539.0
53139079.0,53139079.0
50270450.0,50270450.0
95408099.0,95408099.0
72251437.0,72251437.0
100655268.0,100655268.0
47430697.0,47430697.0
67043607.0,67043607.0
66113858.0,66113858.0
82290268.0,82290268.0
77531290.0,77531290.0
97132365.0,97132365.0
86849335.0,86849335.0
66141890.0,66141890.0
76673227.0,76673227.0
88186495.0,88186495.0
53139877.0,53139877.0
87939435.0,87939435.0
53139489.0,53139489.0
87939683.0,87939683.0
53697861.0,53697861.0
81091912.0,81091912.0
95408070.0,95408070.0
92113634.0,92113634.0
78225749.0,78225749.0
66811860.0,66811860.0
54698996.0,54698996.0
73619298.0,73619298.0
66394386.0,66394386.0
66932993.0,66932993.0
101094569.0,101094569.0
95797906.0,95797906.0
66733876.0,66733876.0
66678965.0,66678965.0
47389493.0,47389493.0
66678963.0,66678963.0
66753539.0,66753539.0
66113866.0,66113866.0
54698989.0,54698989.0
50120931.0,50120931.0
95408071.0,95408071.0
80738813.0,80738813.0
76783729.0,76783729.0
53139449.0,53139449.0
57822710.0,57822710.0
78147404.0,78147404.0
66742780.0,66742780.0
96928482.0,96928482.0
66240613.0,66240613.0
43064897.0,43064897.0
66928390.0,66928390.0
66879572.0,66879572.0
86849336.0,86849336.0
53135026.0,53135026.0
89025856.0,89025856.0
84267115.0,84267115.0
86849348.0,86849348.0
67005501.0,67005501.0
53136547.0,53136547.0
101855293.0,101855293.0
65968783.0,65968783.0
60669733.0,60669733.0
53139319.0,53139319.0
53139945.0,53139945.0
66859493.0,66859493.0
72037121.0,72037121.0
67573097.0,67573097.0
100773028.0,100773028.0
67043609.0,67043609.0
96928252.0,96928252.0
100783220.0,100783220.0
101094277.0,101094277.0
66675712.0,66675712.0
66900840.0,66900840.0
66817428.0,66817428.0
81233299.0,81233299.0
53139022.0,53139022.0
53138931.0,53138931.0
66928392.0,66928392.0
83838688.0,83838688.0
53135728.0,53135728.0
61333595.0,61333595.0
65215693.0,65215693.0
81361462.0,81361462.0
53140275.0,53140275.0
53135044.0,53135044.0
83810701.0,83810701.0
53140319.0,53140319.0
87938998.0,87938998.0
71980348.0,71980348.0
66890574.0,66890574.0
66760169.0,66760169.0
96928491.0,96928491.0
81683181.0,81683181.0
88307997.0,88307997.0
91506811.0,91506811.0
65944356.0,65944356.0
66754475.0,66754475.0
95477817.0,95477817.0
92411501.0,92411501.0
61368898.0,61368898.0
53135066.0,53135066.0
66686356.0,66686356.0
100651718.0,100651718.0
66244783.0,66244783.0
66935109.0,66935109.0
65917929.0,65917929.0
47430710.0,47430710.0
53138886.0,53138886.0
100856048.0,100856048.0
71986027.0,71986027.0
86031679.0,86031679.0
53139519.0,53139519.0
53140327.0,53140327.0
95471314.0,95471314.0
65968785.0,65968785.0
72936639.0,72936639.0
65951309.0,65951309.0
79613657.0,79613657.0
67583547.0,67583547.0
67579541.0,67579541.0
66935110.0,66935110.0
71981459.0,71981459.0
96928251.0,96928251.0
65988904.0,65988904.0
87938745.0,87938745.0
86849342.0,86849342.0
81544131.0,81544131.0
66914594.0,66914594.0
101125372.0,101125372.0
96928256.0,96928256.0
65959787.0,65959787.0
61333598.0,61333598.0
74396509.0,74396509.0
100965061.0,100965061.0
88307818.0,88307818.0
66742787.0,66742787.0
66081103.0,66081103.0
50166752.0,50166752.0
82290498.0,82290498.0
53135626.0,53135626.0
53135556.0,53135556.0
65937355.0,65937355.0
67018281.0,67018281.0
53139960.0,53139960.0
95475183.0,95475183.0
87939567.0,87939567.0
65956403.0,65956403.0
72237971.0,72237971.0
90365606.0,90365606.0
96928488.0,96928488.0
85697502.0,85697502.0
65793056.0,65793056.0
101137753.0,101137753.0
66859557.0,66859557.0
53140356.0,53140356.0
66679203.0,66679203.0
53140481.0,53140481.0
100966675.0,100966675.0
75912952.0,75912952.0
71977482.0,71977482.0
48928841.0,48928841.0
41930009.0,41930009.0
83839665.0,83839665.0
61298394.0,61298394.0
53132797.0,53132797.0
100924008.0,100924008.0
74768079.0,74768079.0
92292523.0,92292523.0
81494437.0,81494437.0
48928887.0,48928887.0
65959784.0,65959784.0
66108886.0,66108886.0
73953446.0,73953446.0
53139613.0,53139613.0
53136415.0,53136415.0
53139375.0,53139375.0
100775852.0,100775852.0
64110232.0,64110232.0
67577838.0,67577838.0
74983559.0,74983559.0
72233023.0,72233023.0
64110234.0,64110234.0
56341634.0,56341634.0
66394395.0,66394395.0
84040494.0,84040494.0
48928874.0,48928874.0
53140605.0,53140605.0
87938681.0,87938681.0
84972080.0,84972080.0
92152144.0,92152144.0
66111772.0,66111772.0
65802737.0,65802737.0
53140262.0,53140262.0
72303309.0,72303309.0
66101471.0,66101471.0
83810707.0,83810707.0
66800529.0,66800529.0
86651574.0,86651574.0
53135118.0,53135118.0
42466426.0,42466426.0
62038503.0,62038503.0
95408088.0,95408088.0
66053767.0,66053767.0
45087553.0,45087553.0
66053778.0,66053778.0
45079946.0,45079946.0
65770484.0,65770484.0
95481900.0,95481900.0
44658682.0,44658682.0
49268421.0,49268421.0
62794494.0,62794494.0
42622569.0,42622569.0
49239214.0,49239214.0
42648793.0,42648793.0
49191157.0,49191157.0
95827218.0,95827218.0
45162881.0,45162881.0
42731290.0,42731290.0
44944734.0,44944734.0
42632113.0,42632113.0
44596709.0,44596709.0
49194523.0,49194523.0
42770993.0,42770993.0
42622262.0,42622262.0
42715069.0,42715069.0
42665456.0,42665456.0
44596564.0,44596564.0
49268748.0,49268748.0
45042635.0,45042635.0
42715202.0,42715202.0
44967438.0,44967438.0
44568662.0,44568662.0
44659501.0,44659501.0
45016707.0,45016707.0
95797733.0,95797733.0
42669553.0,42669553.0
42757162.0,42757162.0
80806278.0,80806278.0
44660399.0,44660399.0
42665845.0,42665845.0
44985606.0,44985606.0
49268961.0,49268961.0
49338186.0,49338186.0
44660119.0,44660119.0
83950298.0,83950298.0
49207575.0,49207575.0
49345191.0,49345191.0
42698816.0,42698816.0
81759111.0,81759111.0
49226466.0,49226466.0
42691968.0,42691968.0
42735718.0,42735718.0
42599215.0,42599215.0
65895938.0,65895938.0
75331322.0,75331322.0
83622599.0,83622599.0
62931324.0,62931324.0
45076736.0,45076736.0
44534824.0,44534824.0
49190708.0,49190708.0
42730579.0,42730579.0
44983334.0,44983334.0
44682808.0,44682808.0
42697964.0,42697964.0
42763509.0,42763509.0
45033795.0,45033795.0
45075998.0,45075998.0
44573109.0,44573109.0
44937418.0,44937418.0
42713375.0,42713375.0
49254843.0,49254843.0
45040415.0,45040415.0
42684825.0,42684825.0
49237218.0,49237218.0
95479116.0,95479116.0
49237685.0,49237685.0
44683644.0,44683644.0
45006748.0,45006748.0
44572845.0,44572845.0
42628411.0,42628411.0
49415938.0,49415938.0
42656692.0,42656692.0
44983327.0,44983327.0
65776537.0,65776537.0
101113665.0,101113665.0
45085840.0,45085840.0
42742151.0,42742151.0
42684684.0,42684684.0
45033423.0,45033423.0
45055212.0,45055212.0
44568086.0,44568086.0
49289528.0,49289528.0
44595556.0,44595556.0
44529616.0,44529616.0
42698287.0,42698287.0
100668053.0,100668053.0
81757936.0,81757936.0
75330635.0,75330635.0
49381412.0,49381412.0
82023655.0,82023655.0
44535788.0,44535788.0
97287717.0,97287717.0
45075250.0,45075250.0
45107243.0,45107243.0
49194357.0,49194357.0
42756176.0,42756176.0
42753513.0,42753513.0
45025606.0,45025606.0
44681013.0,44681013.0
83998355.0,83998355.0
65935455.0,65935455.0
65906223.0,65906223.0
66263240.0,66263240.0
61218440.0,61218440.0
66027799.0,66027799.0
87816592.0,87816592.0
65846398.0,65846398.0
88207543.0,88207543.0
72251549.0,72251549.0
47391994.0,47391994.0
87939624.0,87939624.0
83810757.0,83810757.0
47391795.0,47391795.0
95477865.0,95477865.0
96928376.0,96928376.0
95408241.0,95408241.0
72271255.0,72271255.0
87939274.0,87939274.0
66113986.0,66113986.0
95477868.0,95477868.0
45403442.0,45403442.0
50160958.0,50160958.0
87939705.0,87939705.0
65971403.0,65971403.0
81491800.0,81491800.0
65951348.0,65951348.0
50067004.0,50067004.0
97248573.0,97248573.0
41928092.0,41928092.0
85542023.0,85542023.0
100962835.0,100962835.0
72250668.0,72250668.0
72454090.0,72454090.0
44428251.0,44428251.0
81955946.0,81955946.0
101895253.0,101895253.0
41965887.0,41965887.0
84822307.0,84822307.0
48428357.0,48428357.0
47239929.0,47239929.0
47431183.0,47431183.0
50073950.0,50073950.0
92818861.0,92818861.0
66490604.0,66490604.0
91793575.0,91793575.0
96531369.0,96531369.0
81494296.0,81494296.0
88630204.0,88630204.0
56363304.0,56363304.0
56407623.0,56407623.0
84910542.0,84910542.0
81257317.0,81257317.0
86356594.0,86356594.0
81680464.0,81680464.0
90053014.0,90053014.0
56393922.0,56393922.0
81279746.0,81279746.0
82290571.0,82290571.0
56391868.0,56391868.0
56404356.0,56404356.0
102899818.0,102899818.0
81760293.0,81760293.0
56391155.0,56391155.0
80680436.0,80680436.0
100835134.0,100835134.0
89026050.0,89026050.0
56403126.0,56403126.0
56391077.0,56391077.0
56390218.0,56390218.0
72373649.0,72373649.0
56385781.0,56385781.0
81494294.0,81494294.0
56401029.0,56401029.0
98603558.0,98603558.0
65509925.0,65509925.0
56407784.0,56407784.0
84100164.0,84100164.0
85405520.0,85405520.0
84142605.0,84142605.0
56396191.0,56396191.0
56390707.0,56390707.0
81735957.0,81735957.0
86396873.0,86396873.0
85678530.0,85678530.0
56394477.0,56394477.0
56407707.0,56407707.0
56385386.0,56385386.0
81760307.0,81760307.0
56398264.0,56398264.0
56389791.0,56389791.0
56389595.0,56389595.0
56392584.0,56392584.0
84100167.0,84100167.0
72373953.0,72373953.0
95854311.0,95854311.0
56394459.0,56394459.0
97482698.0,97482698.0
81569946.0,81569946.0
56385736.0,56385736.0
72372847.0,72372847.0
56385663.0,56385663.0
98603554.0,98603554.0
56400944.0,56400944.0
86397026.0,86397026.0
84001542.0,84001542.0
56388787.0,56388787.0
56396926.0,56396926.0
83816076.0,83816076.0
56379888.0,56379888.0
85424223.0,85424223.0
56388065.0,56388065.0
56404650.0,56404650.0
56403670.0,56403670.0
72372708.0,72372708.0
74983563.0,74983563.0
56390717.0,56390717.0
100670349.0,100670349.0
84099403.0,84099403.0
97091644.0,97091644.0
56407517.0,56407517.0
89026047.0,89026047.0
81386573.0,81386573.0
83975762.0,83975762.0
75427971.0,75427971.0
92412957.0,92412957.0
56389947.0,56389947.0
56391845.0,56391845.0
56392741.0,56392741.0
81735942.0,81735942.0
56401404.0,56401404.0
56402817.0,56402817.0
98606146.0,98606146.0
84042399.0,84042399.0
56391116.0,56391116.0
56391141.0,56391141.0
98603733.0,98603733.0
56381251.0,56381251.0
81386608.0,81386608.0
90092042.0,90092042.0
83623042.0,83623042.0
56401994.0,56401994.0
56391746.0,56391746.0
56398260.0,56398260.0
56405777.0,56405777.0
85424377.0,85424377.0
56405717.0,56405717.0
87897997.0,87897997.0
56407783.0,56407783.0
86515475.0,86515475.0
60984497.0,60984497.0
56403327.0,56403327.0
101852969.0,101852969.0
86356488.0,86356488.0
72391718.0,72391718.0
56384399.0,56384399.0
83646442.0,83646442.0
56394672.0,56394672.0
89025861.0,89025861.0
56407568.0,56407568.0
56386090.0,56386090.0
56396816.0,56396816.0
72372978.0,72372978.0
56406647.0,56406647.0
56407556.0,56407556.0
56398851.0,56398851.0
72372649.0,72372649.0
56385784.0,56385784.0
56388372.0,56388372.0
56397231.0,56397231.0
56397543.0,56397543.0
56405059.0,56405059.0
56399639.0,56399639.0
56407958.0,56407958.0
81493709.0,81493709.0
87735565.0,87735565.0
56386385.0,56386385.0
56389911.0,56389911.0
56405467.0,56405467.0
56391146.0,56391146.0
56388427.0,56388427.0
56394130.0,56394130.0
83592046.0,83592046.0
56406187.0,56406187.0
95802886.0,95802886.0
60984681.0,60984681.0
56393760.0,56393760.0
56396273.0,56396273.0
56400982.0,56400982.0
56391694.0,56391694.0
56387958.0,56387958.0
98603618.0,98603618.0
56400674.0,56400674.0
56394003.0,56394003.0
56407821.0,56407821.0
56395929.0,56395929.0
84624721.0,84624721.0
56407405.0,56407405.0
83946693.0,83946693.0
96312127.0,96312127.0
56388751.0,56388751.0
56393417.0,56393417.0
56385951.0,56385951.0
56400642.0,56400642.0
56405837.0,56405837.0
56402392.0,56402392.0
56394097.0,56394097.0
65513979.0,65513979.0
86397257.0,86397257.0
85405517.0,85405517.0
56390334.0,56390334.0
56394475.0,56394475.0
56402743.0,56402743.0
84099239.0,84099239.0
84040337.0,84040337.0
56396514.0,56396514.0
56389808.0,56389808.0
56386682.0,56386682.0
56395868.0,56395868.0
65503507.0,65503507.0
56401281.0,56401281.0
86515580.0,86515580.0
56389131.0,56389131.0
56390116.0,56390116.0
56398556.0,56398556.0
87735566.0,87735566.0
75407081.0,75407081.0
81387824.0,81387824.0
56403364.0,56403364.0
97482692.0,97482692.0
86397022.0,86397022.0
83667769.0,83667769.0
65513048.0,65513048.0
75427980.0,75427980.0
101100185.0,101100185.0
95432219.0,95432219.0
56407569.0,56407569.0
95467540.0,95467540.0
72373266.0,72373266.0
56390059.0,56390059.0
72391633.0,72391633.0
100975145.0,100975145.0
56396490.0,56396490.0
81386442.0,81386442.0
90110767.0,90110767.0
65511395.0,65511395.0
56396193.0,56396193.0
88470555.0,88470555.0
87735568.0,87735568.0
81569960.0,81569960.0
56389517.0,56389517.0
56405766.0,56405766.0
56391167.0,56391167.0
85424330.0,85424330.0
81236597.0,81236597.0
82025124.0,82025124.0
83668909.0,83668909.0
56388375.0,56388375.0
81760289.0,81760289.0
56406023.0,56406023.0
84100166.0,84100166.0
100705044.0,100705044.0
56384615.0,56384615.0
101100186.0,101100186.0
56404311.0,56404311.0
72374530.0,72374530.0
65497276.0,65497276.0
95802895.0,95802895.0
81514324.0,81514324.0
56396212.0,56396212.0
56387640.0,56387640.0
81213523.0,81213523.0
89025818.0,89025818.0
75333145.0,75333145.0
56387455.0,56387455.0
89025862.0,89025862.0
56390669.0,56390669.0
90072437.0,90072437.0
89325586.0,89325586.0
56396832.0,56396832.0
56397580.0,56397580.0
56405125.0,56405125.0
100670347.0,100670347.0
100975084.0,100975084.0
84142608.0,84142608.0
86515579.0,86515579.0
56405874.0,56405874.0
56400960.0,56400960.0
87897999.0,87897999.0
81407543.0,81407543.0
56404068.0,56404068.0
56407468.0,56407468.0
73104512.0,73104512.0
84040331.0,84040331.0
84042397.0,84042397.0
72662747.0,72662747.0
72372476.0,72372476.0
56391484.0,56391484.0
102822038.0,102822038.0
56407031.0,56407031.0
56389962.0,56389962.0
56393774.0,56393774.0
56404490.0,56404490.0
56396270.0,56396270.0
56399949.0,56399949.0
91821045.0,91821045.0
65512090.0,65512090.0
56385548.0,56385548.0
56387473.0,56387473.0
95539337.0,95539337.0
56397170.0,56397170.0
56403266.0,56403266.0
81571241.0,81571241.0
95834033.0,95834033.0
75331108.0,75331108.0
87341319.0,87341319.0
56400377.0,56400377.0
56397518.0,56397518.0
56393954.0,56393954.0
72373424.0,72373424.0
56401007.0,56401007.0
86397258.0,86397258.0
101225532.0,101225532.0
86396938.0,86396938.0
80761747.0,80761747.0
56390784.0,56390784.0
72373226.0,72373226.0
56389525.0,56389525.0
56396499.0,56396499.0
85424225.0,85424225.0
56403313.0,56403313.0
56392260.0,56392260.0
56401761.0,56401761.0
81660071.0,81660071.0
89799984.0,89799984.0
72374019.0,72374019.0
72373781.0,72373781.0
56405343.0,56405343.0
101100184.0,101100184.0
86397156.0,86397156.0
56392135.0,56392135.0
98603737.0,98603737.0
56387536.0,56387536.0
56397150.0,56397150.0
80943579.0,80943579.0
100835310.0,100835310.0
102899808.0,102899808.0
86356538.0,86356538.0
81494114.0,81494114.0
56405852.0,56405852.0
83975761.0,83975761.0
84100327.0,84100327.0
80760638.0,80760638.0
56394474.0,56394474.0
56406488.0,56406488.0
56388732.0,56388732.0
56401524.0,56401524.0
89026000.0,89026000.0
56390141.0,56390141.0
65509924.0,65509924.0
83668910.0,83668910.0
72410703.0,72410703.0
56385741.0,56385741.0
100975087.0,100975087.0
56386000.0,56386000.0
83620362.0,83620362.0
56400708.0,56400708.0
56401024.0,56401024.0
95834046.0,95834046.0
101117083.0,101117083.0
98603678.0,98603678.0
100835124.0,100835124.0
56392666.0,56392666.0
95857991.0,95857991.0
72372339.0,72372339.0
56386654.0,56386654.0
90365613.0,90365613.0
72372226.0,72372226.0
56384933.0,56384933.0
56403401.0,56403401.0
56380383.0,56380383.0
56390989.0,56390989.0
56406079.0,56406079.0
56357892.0,56357892.0
56385063.0,56385063.0
86397158.0,86397158.0
101211953.0,101211953.0
56400275.0,56400275.0
56406976.0,56406976.0
84644583.0,84644583.0
56391079.0,56391079.0
56394080.0,56394080.0
72371945.0,72371945.0
86397107.0,86397107.0
97421257.0,97421257.0
56405829.0,56405829.0
100835128.0,100835128.0
83620923.0,83620923.0
102899815.0,102899815.0
75427977.0,75427977.0
56401343.0,56401343.0
56392967.0,56392967.0
98603680.0,98603680.0
101117078.0,101117078.0
56401579.0,56401579.0
100989192.0,100989192.0
56389552.0,56389552.0
84121331.0,84121331.0
75330574.0,75330574.0
84041251.0,84041251.0
56391829.0,56391829.0
56385768.0,56385768.0
82025121.0,82025121.0
56400985.0,56400985.0
56386424.0,56386424.0
56396833.0,56396833.0
72372135.0,72372135.0
56391403.0,56391403.0
56394420.0,56394420.0
81233264.0,81233264.0
56405714.0,56405714.0
56406924.0,56406924.0
56390846.0,56390846.0
56387582.0,56387582.0
86515472.0,86515472.0
56389623.0,56389623.0
56390715.0,56390715.0
81918228.0,81918228.0
56402802.0,56402802.0
102899817.0,102899817.0
56396489.0,56396489.0
72373592.0,72373592.0
56400406.0,56400406.0
56403727.0,56403727.0
56394127.0,56394127.0
65510454.0,65510454.0
56387821.0,56387821.0
56402708.0,56402708.0
65513303.0,65513303.0
81735960.0,81735960.0
81957749.0,81957749.0
81282697.0,81282697.0
84001540.0,84001540.0
95432045.0,95432045.0
56399616.0,56399616.0
81877773.0,81877773.0
56406031.0,56406031.0
56394101.0,56394101.0
72372232.0,72372232.0
85405521.0,85405521.0
82146361.0,82146361.0
56390398.0,56390398.0
56394082.0,56394082.0
92736571.0,92736571.0
56401888.0,56401888.0
56392279.0,56392279.0
83668914.0,83668914.0
56407769.0,56407769.0
75424351.0,75424351.0
56407494.0,56407494.0
91847655.0,91847655.0
96992907.0,96992907.0
81213520.0,81213520.0
56405062.0,56405062.0
72372836.0,72372836.0
56391832.0,56391832.0
60984430.0,60984430.0
56392359.0,56392359.0
100681517.0,100681517.0
91821038.0,91821038.0
81735954.0,81735954.0
90870179.0,90870179.0
95432207.0,95432207.0
72371937.0,72371937.0
90013249.0,90013249.0
56401791.0,56401791.0
56401659.0,56401659.0
75330665.0,75330665.0
56392254.0,56392254.0
83590182.0,83590182.0
56403427.0,56403427.0
98606023.0,98606023.0
84121330.0,84121330.0
100835132.0,100835132.0
87263125.0,87263125.0
56397552.0,56397552.0
83997071.0,83997071.0
56391414.0,56391414.0
65509697.0,65509697.0
85405505.0,85405505.0
79938683.0,79938683.0
101095314.0,101095314.0
84121477.0,84121477.0
83620350.0,83620350.0
73769733.0,73769733.0
91934646.0,91934646.0
65802734.0,65802734.0
92089699.0,92089699.0
100689891.0,100689891.0
82189361.0,82189361.0
50193144.0,50193144.0
